编号,类别,图题或文件主题,参考来源,原发布页,作者,台账许可线索,本次处理
XIAO-10-1-1,教材PDF裁图候选,图1-1 梁式桥,用户已有参考PDF《桥梁结构体系》,,,内部选图；正式出版前授权或重绘,外部参考候选：本次不公开原图；逐图授权或独立制图
XIAO-10-1-2,教材PDF裁图候选,图1-2 拱式桥,用户已有参考PDF《桥梁结构体系》,,,内部选图；正式出版前授权或重绘,外部参考候选：本次不公开原图；逐图授权或独立制图
XIAO-11-1-3,教材PDF裁图候选,图1-3 斜拉桥,用户已有参考PDF《桥梁结构体系》,,,内部选图；正式出版前授权或重绘,外部参考候选：本次不公开原图；逐图授权或独立制图
XIAO-11-1-4,教材PDF裁图候选,图1-4 悬索桥,用户已有参考PDF《桥梁结构体系》,,,内部选图；正式出版前授权或重绘,外部参考候选：本次不公开原图；逐图授权或独立制图
XIAO-13-1-6,教材PDF裁图候选,图1-6 具有全部受拉构件的纯缆索体系的基本形式,用户已有参考PDF《桥梁结构体系》,,,内部选图；正式出版前授权或重绘,外部参考候选：本次不公开原图；逐图授权或独立制图
XIAO-14-1-7,教材PDF裁图候选,图1-7 悬索桥的边跨布置形式,用户已有参考PDF《桥梁结构体系》,,,内部选图；正式出版前授权或重绘,外部参考候选：本次不公开原图；逐图授权或独立制图
XIAO-14-1-8,教材PDF裁图候选,图1-8 部分地锚斜拉桥和斜拉悬吊协作体系,用户已有参考PDF《桥梁结构体系》,,,内部选图；正式出版前授权或重绘,外部参考候选：本次不公开原图；逐图授权或独立制图
XIAO-14-1-9,教材PDF裁图候选,图1-9 各种桥型单位面积造价与跨径关系估算图,用户已有参考PDF《桥梁结构体系》,,,内部选图；正式出版前授权或重绘,外部参考候选：本次不公开原图；逐图授权或独立制图
XIAO-15-1-11,教材PDF裁图候选,图1- 11 曲线形索塔,用户已有参考PDF《桥梁结构体系》,,,内部选图；正式出版前授权或重绘,外部参考候选：本次不公开原图；逐图授权或独立制图
XIAO-16-1-12,教材PDF裁图候选,图1-12 里翁-安蒂里翁桥,用户已有参考PDF《桥梁结构体系》,,,内部选图；正式出版前授权或重绘,外部参考候选：本次不公开原图；逐图授权或独立制图
XIAO-16-1-13,教材PDF裁图候选,图1-13 里翁-安蒂里翁桥总体布置图（m）,用户已有参考PDF《桥梁结构体系》,,,内部选图；正式出版前授权或重绘,外部参考候选：本次不公开原图；逐图授权或独立制图
XIAO-16-1-14,教材PDF裁图候选,图1- 14 里翁-安蒂里翁桥隔震基础,用户已有参考PDF《桥梁结构体系》,,,内部选图；正式出版前授权或重绘,外部参考候选：本次不公开原图；逐图授权或独立制图
XIAO-17-1-15,教材PDF裁图候选,图1- 15 桥墩上阻尼系统布置示意图,用户已有参考PDF《桥梁结构体系》,,,内部选图；正式出版前授权或重绘,外部参考候选：本次不公开原图；逐图授权或独立制图
XIAO-18-1-18,教材PDF裁图候选,图1-18 无背索斜拉桥整体平衡示意图,用户已有参考PDF《桥梁结构体系》,,,内部选图；正式出版前授权或重绘,外部参考候选：本次不公开原图；逐图授权或独立制图
XIAO-18-1-19,教材PDF裁图候选,图1-19 传统无背索斜拉桥与无背索部分斜拉桥受力示意图,用户已有参考PDF《桥梁结构体系》,,,内部选图；正式出版前授权或重绘,外部参考候选：本次不公开原图；逐图授权或独立制图
XIAO-18-1-20,教材PDF裁图候选,图1- 20 天津市国泰桥,用户已有参考PDF《桥梁结构体系》,,,内部选图；正式出版前授权或重绘,外部参考候选：本次不公开原图；逐图授权或独立制图
XIAO-19-1-21,教材PDF裁图候选,图1-21 固端拱体系结构简图,用户已有参考PDF《桥梁结构体系》,,,内部选图；正式出版前授权或重绘,外部参考候选：本次不公开原图；逐图授权或独立制图
XIAO-19-1-22,教材PDF裁图候选,图1-22 中承式三跨无推力梁拱组合体系结构简图,用户已有参考PDF《桥梁结构体系》,,,内部选图；正式出版前授权或重绘,外部参考候选：本次不公开原图；逐图授权或独立制图
XIAO-21-2-1,教材PDF裁图候选,图2-1 梁的传力路径示意,用户已有参考PDF《桥梁结构体系》,,,内部选图；正式出版前授权或重绘,外部参考候选：本次不公开原图；逐图授权或独立制图
XIAO-22-2-2,教材PDF裁图候选,图2-2 板的受力图示,用户已有参考PDF《桥梁结构体系》,,,内部选图；正式出版前授权或重绘,外部参考候选：本次不公开原图；逐图授权或独立制图
XIAO-23-2-3,教材PDF裁图候选,图2-3 混凝土梁常用截面形式,用户已有参考PDF《桥梁结构体系》,,,内部选图；正式出版前授权或重绘,外部参考候选：本次不公开原图；逐图授权或独立制图
XIAO-23-2-4,教材PDF裁图候选,图2-4 钢梁常用结构及截面形式,用户已有参考PDF《桥梁结构体系》,,,内部选图；正式出版前授权或重绘,外部参考候选：本次不公开原图；逐图授权或独立制图
XIAO-23-2-5,教材PDF裁图候选,图2-5 桁梁截面和组合截面,用户已有参考PDF《桥梁结构体系》,,,内部选图；正式出版前授权或重绘,外部参考候选：本次不公开原图；逐图授权或独立制图
XIAO-24-2-6,教材PDF裁图候选,图2-6 拱式结构中的梁构件,用户已有参考PDF《桥梁结构体系》,,,内部选图；正式出版前授权或重绘,外部参考候选：本次不公开原图；逐图授权或独立制图
XIAO-24-2-7,教材PDF裁图候选,图2-7 拱桥固定横梁常用截面形式,用户已有参考PDF《桥梁结构体系》,,,内部选图；正式出版前授权或重绘,外部参考候选：本次不公开原图；逐图授权或独立制图
XIAO-25-2-10,教材PDF裁图候选,图2-10 悬索桥箱桁组合及分体式钢箱加劲梁,用户已有参考PDF《桥梁结构体系》,,,内部选图；正式出版前授权或重绘,外部参考候选：本次不公开原图；逐图授权或独立制图
XIAO-25-2-11,教材PDF裁图候选,图2-11 正交异性钢桥面板结构示意图,用户已有参考PDF《桥梁结构体系》,,,内部选图；正式出版前授权或重绘,外部参考候选：本次不公开原图；逐图授权或独立制图
XIAO-25-2-8,教材PDF裁图候选,图2-8 悬索桥用钢桁梁断面,用户已有参考PDF《桥梁结构体系》,,,内部选图；正式出版前授权或重绘,外部参考候选：本次不公开原图；逐图授权或独立制图
XIAO-25-2-9,教材PDF裁图候选,图2-9 悬索桥用钢箱梁断面,用户已有参考PDF《桥梁结构体系》,,,内部选图；正式出版前授权或重绘,外部参考候选：本次不公开原图；逐图授权或独立制图
XIAO-26-2-12,教材PDF裁图候选,图2-12 正交异性钢桥面板结构和受力示意图,用户已有参考PDF《桥梁结构体系》,,,内部选图；正式出版前授权或重绘,外部参考候选：本次不公开原图；逐图授权或独立制图
XIAO-26-2-13,教材PDF裁图候选,图2-13 梁段分析图示,用户已有参考PDF《桥梁结构体系》,,,内部选图；正式出版前授权或重绘,外部参考候选：本次不公开原图；逐图授权或独立制图
XIAO-28-2-14,教材PDF裁图候选,图2-14 箱梁变形示意图,用户已有参考PDF《桥梁结构体系》,,,内部选图；正式出版前授权或重绘,外部参考候选：本次不公开原图；逐图授权或独立制图
XIAO-28-2-16,教材PDF裁图候选,图2-16 箱梁剪力滞示意,用户已有参考PDF《桥梁结构体系》,,,内部选图；正式出版前授权或重绘,外部参考候选：本次不公开原图；逐图授权或独立制图
XIAO-30-2-18,教材PDF裁图候选,图2-18 板在局部荷载下的受力状态,用户已有参考PDF《桥梁结构体系》,,,内部选图；正式出版前授权或重绘,外部参考候选：本次不公开原图；逐图授权或独立制图
XIAO-31-2-19,教材PDF裁图候选,图2-19 正交异性钢桥面板结构示意,用户已有参考PDF《桥梁结构体系》,,,内部选图；正式出版前授权或重绘,外部参考候选：本次不公开原图；逐图授权或独立制图
XIAO-32-2-20,教材PDF裁图候选,图2-20 纵肋竖向弯曲变形---类似于支于弹性支承(弯曲横梁)上的连续梁,用户已有参考PDF《桥梁结构体系》,,,内部选图；正式出版前授权或重绘,外部参考候选：本次不公开原图；逐图授权或独立制图
XIAO-32-2-21,教材PDF裁图候选,图2-21 杆式构件受力示意,用户已有参考PDF《桥梁结构体系》,,,内部选图；正式出版前授权或重绘,外部参考候选：本次不公开原图；逐图授权或独立制图
XIAO-32-2-22,教材PDF裁图候选,图2-22 索受力示意图,用户已有参考PDF《桥梁结构体系》,,,内部选图；正式出版前授权或重绘,外部参考候选：本次不公开原图；逐图授权或独立制图
XIAO-33-2-23,教材PDF裁图候选,图2-23 桁梁组成示意,用户已有参考PDF《桥梁结构体系》,,,内部选图；正式出版前授权或重绘,外部参考候选：本次不公开原图；逐图授权或独立制图
XIAO-33-2-24,教材PDF裁图候选,图2-24 桁梁中二力杆常用截面,用户已有参考PDF《桥梁结构体系》,,,内部选图；正式出版前授权或重绘,外部参考候选：本次不公开原图；逐图授权或独立制图
XIAO-34-2-25,教材PDF裁图候选,图2-25 替代腹板体系示意,用户已有参考PDF《桥梁结构体系》,,,内部选图；正式出版前授权或重绘,外部参考候选：本次不公开原图；逐图授权或独立制图
XIAO-34-2-26,教材PDF裁图候选,图2-26 体内预应力施加方式示意,用户已有参考PDF《桥梁结构体系》,,,内部选图；正式出版前授权或重绘,外部参考候选：本次不公开原图；逐图授权或独立制图
XIAO-35-2-27,教材PDF裁图候选,图2-27 体外预应力施加方式示意,用户已有参考PDF《桥梁结构体系》,,,内部选图；正式出版前授权或重绘,外部参考候选：本次不公开原图；逐图授权或独立制图
XIAO-36-2-29,教材PDF裁图候选,图2-29 索股钢丝及主缆索股排列方式,用户已有参考PDF《桥梁结构体系》,,,内部选图；正式出版前授权或重绘,外部参考候选：本次不公开原图；逐图授权或独立制图
XIAO-36-2-30,教材PDF裁图候选,图2-30 主缆截面构成,用户已有参考PDF《桥梁结构体系》,,,内部选图；正式出版前授权或重绘,外部参考候选：本次不公开原图；逐图授权或独立制图
XIAO-36-2-31,教材PDF裁图候选,图2-31 常用悬索桥吊索连接方式,用户已有参考PDF《桥梁结构体系》,,,内部选图；正式出版前授权或重绘,外部参考候选：本次不公开原图；逐图授权或独立制图
XIAO-37-2-32,教材PDF裁图候选,图2-32 轴向承载拉索示意图,用户已有参考PDF《桥梁结构体系》,,,内部选图；正式出版前授权或重绘,外部参考候选：本次不公开原图；逐图授权或独立制图
XIAO-37-2-33,教材PDF裁图候选,图2-33 不同弦向力下的水平拉索状态,用户已有参考PDF《桥梁结构体系》,,,内部选图；正式出版前授权或重绘,外部参考候选：本次不公开原图；逐图授权或独立制图
XIAO-38-2-34,教材PDF裁图候选,图2-34 拉索垂度分析,用户已有参考PDF《桥梁结构体系》,,,内部选图；正式出版前授权或重绘,外部参考候选：本次不公开原图；逐图授权或独立制图
XIAO-38-2-35,教材PDF裁图候选,图2-35 横向承载拉索示意图,用户已有参考PDF《桥梁结构体系》,,,内部选图；正式出版前授权或重绘,外部参考候选：本次不公开原图；逐图授权或独立制图
XIAO-38-2-36,教材PDF裁图候选,图2-36 满跨活载与部分加载情况下索变形比较,用户已有参考PDF《桥梁结构体系》,,,内部选图；正式出版前授权或重绘,外部参考候选：本次不公开原图；逐图授权或独立制图
XIAO-39-2-37,教材PDF裁图候选,图2-37 索的重力刚度效应,用户已有参考PDF《桥梁结构体系》,,,内部选图；正式出版前授权或重绘,外部参考候选：本次不公开原图；逐图授权或独立制图
XIAO-39-2-38,教材PDF裁图候选,图2-38 直索的自振振型示意,用户已有参考PDF《桥梁结构体系》,,,内部选图；正式出版前授权或重绘,外部参考候选：本次不公开原图；逐图授权或独立制图
XIAO-39-2-39,教材PDF裁图候选,图2-39 索的基本振动形式,用户已有参考PDF《桥梁结构体系》,,,内部选图；正式出版前授权或重绘,外部参考候选：本次不公开原图；逐图授权或独立制图
XIAO-40-2-40,教材PDF裁图候选,图2-40 有垂度索平面内自振振型示意,用户已有参考PDF《桥梁结构体系》,,,内部选图；正式出版前授权或重绘,外部参考候选：本次不公开原图；逐图授权或独立制图
XIAO-40-2-41,教材PDF裁图候选,图2-41 墩柱和桥塔构件的工程实例,用户已有参考PDF《桥梁结构体系》,,,内部选图；正式出版前授权或重绘,外部参考候选：本次不公开原图；逐图授权或独立制图
XIAO-41-2-42,教材PDF裁图候选,图2-42 拱的传力路径示意,用户已有参考PDF《桥梁结构体系》,,,内部选图；正式出版前授权或重绘,外部参考候选：本次不公开原图；逐图授权或独立制图
XIAO-41-2-43,教材PDF裁图候选,图2-43 自锚式斜拉桥主梁受力示意,用户已有参考PDF《桥梁结构体系》,,,内部选图；正式出版前授权或重绘,外部参考候选：本次不公开原图；逐图授权或独立制图
XIAO-42-2-44,教材PDF裁图候选,图2-44 各种常用桥墩截面,用户已有参考PDF《桥梁结构体系》,,,内部选图；正式出版前授权或重绘,外部参考候选：本次不公开原图；逐图授权或独立制图
XIAO-42-2-45,教材PDF裁图候选,图2-45 常用桥墩立面形式,用户已有参考PDF《桥梁结构体系》,,,内部选图；正式出版前授权或重绘,外部参考候选：本次不公开原图；逐图授权或独立制图
XIAO-43-2-46,教材PDF裁图候选,图2-46 斜拉桥塔简化,用户已有参考PDF《桥梁结构体系》,,,内部选图；正式出版前授权或重绘,外部参考候选：本次不公开原图；逐图授权或独立制图
XIAO-43-2-47,教材PDF裁图候选,图2-47 斜拉桥混凝土塔柱矩形截面示意,用户已有参考PDF《桥梁结构体系》,,,内部选图；正式出版前授权或重绘,外部参考候选：本次不公开原图；逐图授权或独立制图
XIAO-43-2-48,教材PDF裁图候选,图2-48 斜拉桥混凝土塔柱非矩形截面示意,用户已有参考PDF《桥梁结构体系》,,,内部选图；正式出版前授权或重绘,外部参考候选：本次不公开原图；逐图授权或独立制图
XIAO-44-2-49,教材PDF裁图候选,图2-49 斜拉桥钢塔柱截面示意,用户已有参考PDF《桥梁结构体系》,,,内部选图；正式出版前授权或重绘,外部参考候选：本次不公开原图；逐图授权或独立制图
XIAO-44-2-50,教材PDF裁图候选,图2-50 斜拉桥桥塔横桥向常用结构型式,用户已有参考PDF《桥梁结构体系》,,,内部选图；正式出版前授权或重绘,外部参考候选：本次不公开原图；逐图授权或独立制图
XIAO-44-2-51,教材PDF裁图候选,图2-51 典型悬索桥钢桥塔截面,用户已有参考PDF《桥梁结构体系》,,,内部选图；正式出版前授权或重绘,外部参考候选：本次不公开原图；逐图授权或独立制图
XIAO-45-2-52,教材PDF裁图候选,图2-52 悬索桥桥塔结构简图,用户已有参考PDF《桥梁结构体系》,,,内部选图；正式出版前授权或重绘,外部参考候选：本次不公开原图；逐图授权或独立制图
XIAO-45-2-53,教材PDF裁图候选,图2-53 拱肋常用截面,用户已有参考PDF《桥梁结构体系》,,,内部选图；正式出版前授权或重绘,外部参考候选：本次不公开原图；逐图授权或独立制图
XIAO-45-2-54,教材PDF裁图候选,图2-54 双曲拱桥截面图示,用户已有参考PDF《桥梁结构体系》,,,内部选图；正式出版前授权或重绘,外部参考候选：本次不公开原图；逐图授权或独立制图
XIAO-46-2-55,教材PDF裁图候选,图2-55 箱形拱截面图示,用户已有参考PDF《桥梁结构体系》,,,内部选图；正式出版前授权或重绘,外部参考候选：本次不公开原图；逐图授权或独立制图
XIAO-46-2-56,教材PDF裁图候选,图2-56 桁架拱桥结构形式图示,用户已有参考PDF《桥梁结构体系》,,,内部选图；正式出版前授权或重绘,外部参考候选：本次不公开原图；逐图授权或独立制图
XIAO-46-2-57,教材PDF裁图候选,图2-57 猎德大桥拱形桥塔,用户已有参考PDF《桥梁结构体系》,,,内部选图；正式出版前授权或重绘,外部参考候选：本次不公开原图；逐图授权或独立制图
XIAO-47-2-58,教材PDF裁图候选,图2-58 玉峰大桥拱式端横梁,用户已有参考PDF《桥梁结构体系》,,,内部选图；正式出版前授权或重绘,外部参考候选：本次不公开原图；逐图授权或独立制图
XIAO-47-2-59,教材PDF裁图候选,图2-59 斜拉桥常用混凝土截面,用户已有参考PDF《桥梁结构体系》,,,内部选图；正式出版前授权或重绘,外部参考候选：本次不公开原图；逐图授权或独立制图
XIAO-48-2-60,教材PDF裁图候选,图2-60 斜拉桥常用组合截面,用户已有参考PDF《桥梁结构体系》,,,内部选图；正式出版前授权或重绘,外部参考候选：本次不公开原图；逐图授权或独立制图
XIAO-48-2-61,教材PDF裁图候选,图2-61 斜拉桥钢主梁典型截面,用户已有参考PDF《桥梁结构体系》,,,内部选图；正式出版前授权或重绘,外部参考候选：本次不公开原图；逐图授权或独立制图
XIAO-48-2-62,教材PDF裁图候选,图2-62 墩柱的受力简图,用户已有参考PDF《桥梁结构体系》,,,内部选图；正式出版前授权或重绘,外部参考候选：本次不公开原图；逐图授权或独立制图
XIAO-49-2-63,教材PDF裁图候选,图2-63 顶端受水平推力作用的柱,用户已有参考PDF《桥梁结构体系》,,,内部选图；正式出版前授权或重绘,外部参考候选：本次不公开原图；逐图授权或独立制图
XIAO-50-2-64,教材PDF裁图候选,图2-64 拱构件受力示意,用户已有参考PDF《桥梁结构体系》,,,内部选图；正式出版前授权或重绘,外部参考候选：本次不公开原图；逐图授权或独立制图
XIAO-51-2-65,教材PDF裁图候选,图2-65 梁桥中的牛腿构造示意,用户已有参考PDF《桥梁结构体系》,,,内部选图；正式出版前授权或重绘,外部参考候选：本次不公开原图；逐图授权或独立制图
XIAO-52-2-66,教材PDF裁图候选,图2-66 梁牛腿示意,用户已有参考PDF《桥梁结构体系》,,,内部选图；正式出版前授权或重绘,外部参考候选：本次不公开原图；逐图授权或独立制图
XIAO-52-2-67,教材PDF裁图候选,图2-67 柱牛腿示意,用户已有参考PDF《桥梁结构体系》,,,内部选图；正式出版前授权或重绘,外部参考候选：本次不公开原图；逐图授权或独立制图
XIAO-52-2-68,教材PDF裁图候选,图2-68 拱桥梁拱连接部位示意,用户已有参考PDF《桥梁结构体系》,,,内部选图；正式出版前授权或重绘,外部参考候选：本次不公开原图；逐图授权或独立制图
XIAO-53-2-69,教材PDF裁图候选,图2-69 混凝土系杆拱桥连接部位配筋示意,用户已有参考PDF《桥梁结构体系》,,,内部选图；正式出版前授权或重绘,外部参考候选：本次不公开原图；逐图授权或独立制图
XIAO-53-2-70,教材PDF裁图候选,图2-70 斜拉桥拉索锚固示意,用户已有参考PDF《桥梁结构体系》,,,内部选图；正式出版前授权或重绘,外部参考候选：本次不公开原图；逐图授权或独立制图
XIAO-54-2-71,教材PDF裁图候选,图2-71 拉索在桥塔上的锚固方式,用户已有参考PDF《桥梁结构体系》,,,内部选图；正式出版前授权或重绘,外部参考候选：本次不公开原图；逐图授权或独立制图
XIAO-54-2-72,教材PDF裁图候选,图2-72 拉索在混凝土梁上的锚固方式,用户已有参考PDF《桥梁结构体系》,,,内部选图；正式出版前授权或重绘,外部参考候选：本次不公开原图；逐图授权或独立制图
XIAO-55-2-73,教材PDF裁图候选,图2-73 拉索在钢梁上的锚固方式,用户已有参考PDF《桥梁结构体系》,,,内部选图；正式出版前授权或重绘,外部参考候选：本次不公开原图；逐图授权或独立制图
XIAO-55-2-74,教材PDF裁图候选,图2-74 悬索桥中的主要连接结构,用户已有参考PDF《桥梁结构体系》,,,内部选图；正式出版前授权或重绘,外部参考候选：本次不公开原图；逐图授权或独立制图
XIAO-56-2-75,教材PDF裁图候选,图2-75 斜肋板直接传力式索鞍构造示意,用户已有参考PDF《桥梁结构体系》,,,内部选图；正式出版前授权或重绘,外部参考候选：本次不公开原图；逐图授权或独立制图
XIAO-56-2-76,教材PDF裁图候选,图2-76 纵横肋间接传力式主索鞍构造示意,用户已有参考PDF《桥梁结构体系》,,,内部选图；正式出版前授权或重绘,外部参考候选：本次不公开原图；逐图授权或独立制图
XIAO-56-2-77,教材PDF裁图候选,图2-77 摆轴式散索鞍构造示意,用户已有参考PDF《桥梁结构体系》,,,内部选图；正式出版前授权或重绘,外部参考候选：本次不公开原图；逐图授权或独立制图
XIAO-57-2-78,教材PDF裁图候选,图2-78 中央扣结构示意,用户已有参考PDF《桥梁结构体系》,,,内部选图；正式出版前授权或重绘,外部参考候选：本次不公开原图；逐图授权或独立制图
XIAO-57-2-79,教材PDF裁图候选,图2-79 柔索约束,用户已有参考PDF《桥梁结构体系》,,,内部选图；正式出版前授权或重绘,外部参考候选：本次不公开原图；逐图授权或独立制图
XIAO-57-2-80,教材PDF裁图候选,图2-80 光滑面约束,用户已有参考PDF《桥梁结构体系》,,,内部选图；正式出版前授权或重绘,外部参考候选：本次不公开原图；逐图授权或独立制图
XIAO-58-2-81,教材PDF裁图候选,图2-81 活动铰支座及其简化表示,用户已有参考PDF《桥梁结构体系》,,,内部选图；正式出版前授权或重绘,外部参考候选：本次不公开原图；逐图授权或独立制图
XIAO-58-2-82,教材PDF裁图候选,图2-82 固定铰支座及其简化表示,用户已有参考PDF《桥梁结构体系》,,,内部选图；正式出版前授权或重绘,外部参考候选：本次不公开原图；逐图授权或独立制图
XIAO-58-2-83,教材PDF裁图候选,图2-83 滑动支座及其简化表示,用户已有参考PDF《桥梁结构体系》,,,内部选图；正式出版前授权或重绘,外部参考候选：本次不公开原图；逐图授权或独立制图
XIAO-58-2-84,教材PDF裁图候选,图2-84 固定约束,用户已有参考PDF《桥梁结构体系》,,,内部选图；正式出版前授权或重绘,外部参考候选：本次不公开原图；逐图授权或独立制图
XIAO-59-2-85,教材PDF裁图候选,图2-85 钢支座结构图,用户已有参考PDF《桥梁结构体系》,,,内部选图；正式出版前授权或重绘,外部参考候选：本次不公开原图；逐图授权或独立制图
XIAO-59-2-86,教材PDF裁图候选,图2-86 板式橡胶支座结构图,用户已有参考PDF《桥梁结构体系》,,,内部选图；正式出版前授权或重绘,外部参考候选：本次不公开原图；逐图授权或独立制图
XIAO-60-2-87,教材PDF裁图候选,图2-87 盆式橡胶支座结构图,用户已有参考PDF《桥梁结构体系》,,,内部选图；正式出版前授权或重绘,外部参考候选：本次不公开原图；逐图授权或独立制图
XIAO-60-2-88,教材PDF裁图候选,图2-88 滑动约束示意,用户已有参考PDF《桥梁结构体系》,,,内部选图；正式出版前授权或重绘,外部参考候选：本次不公开原图；逐图授权或独立制图
XIAO-61-2-89,教材PDF裁图候选,图2-89 传统锚碇传力锚固系统构造,用户已有参考PDF《桥梁结构体系》,,,内部选图；正式出版前授权或重绘,外部参考候选：本次不公开原图；逐图授权或独立制图
XIAO-62-2-90,教材PDF裁图候选,图2-90 组合截面,用户已有参考PDF《桥梁结构体系》,,,内部选图；正式出版前授权或重绘,外部参考候选：本次不公开原图；逐图授权或独立制图
XIAO-62-2-91,教材PDF裁图候选,图2-91 石板坡长江复线桥,用户已有参考PDF《桥梁结构体系》,,,内部选图；正式出版前授权或重绘,外部参考候选：本次不公开原图；逐图授权或独立制图
XIAO-63-2-92,教材PDF裁图候选,图2-92 Rion-Antirion 桥索塔锚固区构造,用户已有参考PDF《桥梁结构体系》,,,内部选图；正式出版前授权或重绘,外部参考候选：本次不公开原图；逐图授权或独立制图
XIAO-63-2-93,教材PDF裁图候选,图2-93 汀九桥桥塔结构,用户已有参考PDF《桥梁结构体系》,,,内部选图；正式出版前授权或重绘,外部参考候选：本次不公开原图；逐图授权或独立制图
XIAO-64-2-95,教材PDF裁图候选,图2-95 桥梁抗震支座,用户已有参考PDF《桥梁结构体系》,,,内部选图；正式出版前授权或重绘,外部参考候选：本次不公开原图；逐图授权或独立制图
XIAO-64-2-96,教材PDF裁图候选,图2-96 速度锁定支座,用户已有参考PDF《桥梁结构体系》,,,内部选图；正式出版前授权或重绘,外部参考候选：本次不公开原图；逐图授权或独立制图
XIAO-65-2-97,教材PDF裁图候选,图2-97 桥梁中的阻尼器,用户已有参考PDF《桥梁结构体系》,,,内部选图；正式出版前授权或重绘,外部参考候选：本次不公开原图；逐图授权或独立制图
XIAO-65-2-98,教材PDF裁图候选,图2-98 Rion-Antirion Bridge 中的阻尼器布置,用户已有参考PDF《桥梁结构体系》,,,内部选图；正式出版前授权或重绘,外部参考候选：本次不公开原图；逐图授权或独立制图
XIAO-66-2-100,教材PDF裁图候选,图2-100 锚碇主缆锚固传力机理及基本构造图示,用户已有参考PDF《桥梁结构体系》,,,内部选图；正式出版前授权或重绘,外部参考候选：本次不公开原图；逐图授权或独立制图
XIAO-66-2-99,教材PDF裁图候选,图2-99 苏通大桥阻尼器设置示意图,用户已有参考PDF《桥梁结构体系》,,,内部选图；正式出版前授权或重绘,外部参考候选：本次不公开原图；逐图授权或独立制图
XIAO-68-3-1,教材PDF裁图候选,图3-1 伸臂木梁桥示意图 图3-2 八字支承木梁桥示意图,用户已有参考PDF《桥梁结构体系》,,,内部选图；正式出版前授权或重绘,外部参考候选：本次不公开原图；逐图授权或独立制图
XIAO-69-3-3,教材PDF裁图候选,图3-3 福斯悬臂梁桥,用户已有参考PDF《桥梁结构体系》,,,内部选图；正式出版前授权或重绘,外部参考候选：本次不公开原图；逐图授权或独立制图
XIAO-70-3-4,教材PDF裁图候选,图3-4 各种梁桥体系,用户已有参考PDF《桥梁结构体系》,,,内部选图；正式出版前授权或重绘,外部参考候选：本次不公开原图；逐图授权或独立制图
XIAO-70-3-5,教材PDF裁图候选,图3-5 瑞安飞云江大桥,用户已有参考PDF《桥梁结构体系》,,,内部选图；正式出版前授权或重绘,外部参考候选：本次不公开原图；逐图授权或独立制图
XIAO-71-3-6,教材PDF裁图候选,图3-6 重庆长江桥,用户已有参考PDF《桥梁结构体系》,,,内部选图；正式出版前授权或重绘,外部参考候选：本次不公开原图；逐图授权或独立制图
XIAO-71-3-7,教材PDF裁图候选,图3-7 南京长江大桥,用户已有参考PDF《桥梁结构体系》,,,内部选图；正式出版前授权或重绘,外部参考候选：本次不公开原图；逐图授权或独立制图
XIAO-72-3-8,教材PDF裁图候选,图3-8 挪威stolma 桥,用户已有参考PDF《桥梁结构体系》,,,内部选图；正式出版前授权或重绘,外部参考候选：本次不公开原图；逐图授权或独立制图
XIAO-72-3-9,教材PDF裁图候选,图3-9 美国Happy Hollow 桥 图3-10 美国戴尼溪桥,用户已有参考PDF《桥梁结构体系》,,,内部选图；正式出版前授权或重绘,外部参考候选：本次不公开原图；逐图授权或独立制图
XIAO-73-3-11,教材PDF裁图候选,图3-11 梁桥上部结构构造,用户已有参考PDF《桥梁结构体系》,,,内部选图；正式出版前授权或重绘,外部参考候选：本次不公开原图；逐图授权或独立制图
XIAO-74-3-12,教材PDF裁图候选,图3-12 简支梁桥的传力示意图,用户已有参考PDF《桥梁结构体系》,,,内部选图；正式出版前授权或重绘,外部参考候选：本次不公开原图；逐图授权或独立制图
XIAO-75-3-13,教材PDF裁图候选,图3-13 简支梁桥简化计算图式,用户已有参考PDF《桥梁结构体系》,,,内部选图；正式出版前授权或重绘,外部参考候选：本次不公开原图；逐图授权或独立制图
XIAO-76-3-14,教材PDF裁图候选,图3-14 四个桥墩支承的梁桥基本模型,用户已有参考PDF《桥梁结构体系》,,,内部选图；正式出版前授权或重绘,外部参考候选：本次不公开原图；逐图授权或独立制图
XIAO-77-3-14,教材PDF裁图候选,图3-14 简支梁桥弯矩图,用户已有参考PDF《桥梁结构体系》,,,内部选图；正式出版前授权或重绘,外部参考候选：本次不公开原图；逐图授权或独立制图
XIAO-77-3-15,教材PDF裁图候选,图3-15 双悬臂梁的恒载弯矩图,用户已有参考PDF《桥梁结构体系》,,,内部选图；正式出版前授权或重绘,外部参考候选：本次不公开原图；逐图授权或独立制图
XIAO-78-3-16,教材PDF裁图候选,图3-16 双悬臂梁桥的布载示意图,用户已有参考PDF《桥梁结构体系》,,,内部选图；正式出版前授权或重绘,外部参考候选：本次不公开原图；逐图授权或独立制图
XIAO-79-3-17,教材PDF裁图候选,图3-17 牛腿构造,用户已有参考PDF《桥梁结构体系》,,,内部选图；正式出版前授权或重绘,外部参考候选：本次不公开原图；逐图授权或独立制图
XIAO-79-3-18,教材PDF裁图候选,图3-18 一次落架法施工时连续梁的恒载弯矩图,用户已有参考PDF《桥梁结构体系》,,,内部选图；正式出版前授权或重绘,外部参考候选：本次不公开原图；逐图授权或独立制图
XIAO-80-3-19,教材PDF裁图候选,图3-19 等跨径连续梁的边跨卸载作用,用户已有参考PDF《桥梁结构体系》,,,内部选图；正式出版前授权或重绘,外部参考候选：本次不公开原图；逐图授权或独立制图
XIAO-80-3-20,教材PDF裁图候选,图3-20 钱塘江二桥,用户已有参考PDF《桥梁结构体系》,,,内部选图；正式出版前授权或重绘,外部参考候选：本次不公开原图；逐图授权或独立制图
XIAO-81-3-21,教材PDF裁图候选,图3-21 悬臂施工法施工的T 形刚构,用户已有参考PDF《桥梁结构体系》,,,内部选图；正式出版前授权或重绘,外部参考候选：本次不公开原图；逐图授权或独立制图
XIAO-83-3-23,教材PDF裁图候选,图3-23 无伸缩缝梁桥立面图,用户已有参考PDF《桥梁结构体系》,,,内部选图；正式出版前授权或重绘,外部参考候选：本次不公开原图；逐图授权或独立制图
XIAO-84-3-24,教材PDF裁图候选,图3-24 梁桥的倾覆事故,用户已有参考PDF《桥梁结构体系》,,,内部选图；正式出版前授权或重绘,外部参考候选：本次不公开原图；逐图授权或独立制图
XIAO-84-3-25,教材PDF裁图候选,图3-25 曲线桥的支承布置形式,用户已有参考PDF《桥梁结构体系》,,,内部选图；正式出版前授权或重绘,外部参考候选：本次不公开原图；逐图授权或独立制图
XIAO-85-3-26,教材PDF裁图候选,图3-26 曲线梁桥的变形形式,用户已有参考PDF《桥梁结构体系》,,,内部选图；正式出版前授权或重绘,外部参考候选：本次不公开原图；逐图授权或独立制图
XIAO-85-3-27,教材PDF裁图候选,图3-27 连续曲线梁横向支承布置,用户已有参考PDF《桥梁结构体系》,,,内部选图；正式出版前授权或重绘,外部参考候选：本次不公开原图；逐图授权或独立制图
XIAO-86-3-28,教材PDF裁图候选,图3-28 单壁墩与双壁墩的抗弯刚度对比,用户已有参考PDF《桥梁结构体系》,,,内部选图；正式出版前授权或重绘,外部参考候选：本次不公开原图；逐图授权或独立制图
XIAO-87-3-29,教材PDF裁图候选,图3-29 单壁墩与双壁墩的抗扭能力比较,用户已有参考PDF《桥梁结构体系》,,,内部选图；正式出版前授权或重绘,外部参考候选：本次不公开原图；逐图授权或独立制图
XIAO-87-3-30,教材PDF裁图候选,图3-30 立面布置图(cm),用户已有参考PDF《桥梁结构体系》,,,内部选图；正式出版前授权或重绘,外部参考候选：本次不公开原图；逐图授权或独立制图
XIAO-88-3-31,教材PDF裁图候选,图3-31 桥墩截面,用户已有参考PDF《桥梁结构体系》,,,内部选图；正式出版前授权或重绘,外部参考候选：本次不公开原图；逐图授权或独立制图
XIAO-89-3-32,教材PDF裁图候选,图3-32 双臂墩的各种形式,用户已有参考PDF《桥梁结构体系》,,,内部选图；正式出版前授权或重绘,外部参考候选：本次不公开原图；逐图授权或独立制图
XIAO-94-3-33,教材PDF裁图候选,图3-33 不同边中跨比η 时的连续梁弯矩分布图（ql2/100）,用户已有参考PDF《桥梁结构体系》,,,内部选图；正式出版前授权或重绘,外部参考候选：本次不公开原图；逐图授权或独立制图
XIAO-95-3-34,教材PDF裁图候选,图3-34 T 形刚构布置形式,用户已有参考PDF《桥梁结构体系》,,,内部选图；正式出版前授权或重绘,外部参考候选：本次不公开原图；逐图授权或独立制图
XIAO-101-3-35,教材PDF裁图候选,图3-35 无伸缩缝梁桥立面布置图(mm),用户已有参考PDF《桥梁结构体系》,,,内部选图；正式出版前授权或重绘,外部参考候选：本次不公开原图；逐图授权或独立制图
XIAO-102-3-36,教材PDF裁图候选,图3-36 南京长江二桥北汊桥立面布置图(cm),用户已有参考PDF《桥梁结构体系》,,,内部选图；正式出版前授权或重绘,外部参考候选：本次不公开原图；逐图授权或独立制图
XIAO-102-3-37,教材PDF裁图候选,图3-37 连续梁桥恒载弯矩示意图,用户已有参考PDF《桥梁结构体系》,,,内部选图；正式出版前授权或重绘,外部参考候选：本次不公开原图；逐图授权或独立制图
XIAO-102-3-38,教材PDF裁图候选,图3-38 连续梁桥活载弯矩示意图,用户已有参考PDF《桥梁结构体系》,,,内部选图；正式出版前授权或重绘,外部参考候选：本次不公开原图；逐图授权或独立制图
XIAO-103-3-37,教材PDF裁图候选,图3-37 重庆长江大桥,用户已有参考PDF《桥梁结构体系》,,,内部选图；正式出版前授权或重绘,外部参考候选：本次不公开原图；逐图授权或独立制图
XIAO-103-3-40,教材PDF裁图候选,图3-40 重庆长江大桥立面布置图(m),用户已有参考PDF《桥梁结构体系》,,,内部选图；正式出版前授权或重绘,外部参考候选：本次不公开原图；逐图授权或独立制图
XIAO-103-3-41,教材PDF裁图候选,图3-41 带铰的T 形刚构的恒载弯矩图,用户已有参考PDF《桥梁结构体系》,,,内部选图；正式出版前授权或重绘,外部参考候选：本次不公开原图；逐图授权或独立制图
XIAO-103-3-42,教材PDF裁图候选,图3-42 带挂孔的T 形刚构的恒载弯矩图,用户已有参考PDF《桥梁结构体系》,,,内部选图；正式出版前授权或重绘,外部参考候选：本次不公开原图；逐图授权或独立制图
XIAO-104-3-43,教材PDF裁图候选,图3-43 云南红河大桥,用户已有参考PDF《桥梁结构体系》,,,内部选图；正式出版前授权或重绘,外部参考候选：本次不公开原图；逐图授权或独立制图
XIAO-104-3-44,教材PDF裁图候选,图3-44 红河大桥总体布置图（cm）,用户已有参考PDF《桥梁结构体系》,,,内部选图；正式出版前授权或重绘,外部参考候选：本次不公开原图；逐图授权或独立制图
XIAO-105-3-45,教材PDF裁图候选,图3-45 四川泸州长江二桥,用户已有参考PDF《桥梁结构体系》,,,内部选图；正式出版前授权或重绘,外部参考候选：本次不公开原图；逐图授权或独立制图
XIAO-105-3-46,教材PDF裁图候选,图3-46 四川泸州长江二桥总体布置图(cm),用户已有参考PDF《桥梁结构体系》,,,内部选图；正式出版前授权或重绘,外部参考候选：本次不公开原图；逐图授权或独立制图
XIAO-106-3-47,教材PDF裁图候选,图3-47 边跨对称连续刚构弯矩图(kN-m),用户已有参考PDF《桥梁结构体系》,,,内部选图；正式出版前授权或重绘,外部参考候选：本次不公开原图；逐图授权或独立制图
XIAO-106-3-48,教材PDF裁图候选,图3-48 边跨不对称连续刚构弯矩图(kN-m),用户已有参考PDF《桥梁结构体系》,,,内部选图；正式出版前授权或重绘,外部参考候选：本次不公开原图；逐图授权或独立制图
XIAO-106-3-49,教材PDF裁图候选,图3-49 边跨固结连续刚构弯矩图(kN-m),用户已有参考PDF《桥梁结构体系》,,,内部选图；正式出版前授权或重绘,外部参考候选：本次不公开原图；逐图授权或独立制图
XIAO-107-3-50,教材PDF裁图候选,图3-50 广州琶洲珠江大桥,用户已有参考PDF《桥梁结构体系》,,,内部选图；正式出版前授权或重绘,外部参考候选：本次不公开原图；逐图授权或独立制图
XIAO-107-3-51,教材PDF裁图候选,图3-51 总体布置图(cm),用户已有参考PDF《桥梁结构体系》,,,内部选图；正式出版前授权或重绘,外部参考候选：本次不公开原图；逐图授权或独立制图
XIAO-107-3-53,教材PDF裁图候选,图3-53 箱梁施工,用户已有参考PDF《桥梁结构体系》,,,内部选图；正式出版前授权或重绘,外部参考候选：本次不公开原图；逐图授权或独立制图
XIAO-108-3-54,教材PDF裁图候选,图3-54 石板坡长江大桥复线桥,用户已有参考PDF《桥梁结构体系》,,,内部选图；正式出版前授权或重绘,外部参考候选：本次不公开原图；逐图授权或独立制图
XIAO-108-3-55,教材PDF裁图候选,图3-55 石板坡长江大桥复线桥总体布置图（m）,用户已有参考PDF《桥梁结构体系》,,,内部选图；正式出版前授权或重绘,外部参考候选：本次不公开原图；逐图授权或独立制图
XIAO-109-4-1,教材PDF裁图候选,图4-1 罗马拱与歌德拱,用户已有参考PDF《桥梁结构体系》,,,内部选图；正式出版前授权或重绘,外部参考候选：本次不公开原图；逐图授权或独立制图
XIAO-110-4-2,教材PDF裁图候选,图4-2 法国尼姆城加尔德石拱桥,用户已有参考PDF《桥梁结构体系》,,,内部选图；正式出版前授权或重绘,外部参考候选：本次不公开原图；逐图授权或独立制图
XIAO-110-4-3,教材PDF裁图候选,图4-3 赵州安济桥,用户已有参考PDF《桥梁结构体系》,,,内部选图；正式出版前授权或重绘,外部参考候选：本次不公开原图；逐图授权或独立制图
XIAO-111-4-5,教材PDF裁图候选,图4-5 薄墩薄拱石拱桥,用户已有参考PDF《桥梁结构体系》,,,内部选图；正式出版前授权或重绘,外部参考候选：本次不公开原图；逐图授权或独立制图
XIAO-111-4-6,教材PDF裁图候选,图4-6 Coalbrookdale Iron 桥 图4-7 圣路易斯桥,用户已有参考PDF《桥梁结构体系》,,,内部选图；正式出版前授权或重绘,外部参考候选：本次不公开原图；逐图授权或独立制图
XIAO-112-4-10,教材PDF裁图候选,图4-10 皮亚·马里亚桥（双铰月牙形拱） 图4-11 狱门桥,用户已有参考PDF《桥梁结构体系》,,,内部选图；正式出版前授权或重绘,外部参考候选：本次不公开原图；逐图授权或独立制图
XIAO-112-4-8,教材PDF裁图候选,图4-8 夏泽莱桥 图4-9 Camille de Hogues Bridge,用户已有参考PDF《桥梁结构体系》,,,内部选图；正式出版前授权或重绘,外部参考候选：本次不公开原图；逐图授权或独立制图
XIAO-113-4-12,教材PDF裁图候选,图4-12 萨尔基那山谷桥图 图4-13 纽卡斯尔高层桥,用户已有参考PDF《桥梁结构体系》,,,内部选图；正式出版前授权或重绘,外部参考候选：本次不公开原图；逐图授权或独立制图
XIAO-113-4-14,教材PDF裁图候选,图4-14 西万德巴赫桥,用户已有参考PDF《桥梁结构体系》,,,内部选图；正式出版前授权或重绘,外部参考候选：本次不公开原图；逐图授权或独立制图
XIAO-114-4-15,教材PDF裁图候选,图4-15 格莱兹维尔桥,用户已有参考PDF《桥梁结构体系》,,,内部选图；正式出版前授权或重绘,外部参考候选：本次不公开原图；逐图授权或独立制图
XIAO-114-4-16,教材PDF裁图候选,图4-16 湖南长沙橘子洲大桥 图4-17 克尔克桥,用户已有参考PDF《桥梁结构体系》,,,内部选图；正式出版前授权或重绘,外部参考候选：本次不公开原图；逐图授权或独立制图
XIAO-115-4-18,教材PDF裁图候选,图4-18 江界河大桥 图4-19 重庆万州长江大桥,用户已有参考PDF《桥梁结构体系》,,,内部选图；正式出版前授权或重绘,外部参考候选：本次不公开原图；逐图授权或独立制图
XIAO-115-4-20,教材PDF裁图候选,图4-20 丹河大桥 图4-21 Silver Jubilee Bridge,用户已有参考PDF《桥梁结构体系》,,,内部选图；正式出版前授权或重绘,外部参考候选：本次不公开原图；逐图授权或独立制图
XIAO-116-4-22,教材PDF裁图候选,图4-22 德国费马恩海峡大桥 图4-23 新河谷桥,用户已有参考PDF《桥梁结构体系》,,,内部选图；正式出版前授权或重绘,外部参考候选：本次不公开原图；逐图授权或独立制图
XIAO-116-4-24,教材PDF裁图候选,图4-24 卢浦大桥,用户已有参考PDF《桥梁结构体系》,,,内部选图；正式出版前授权或重绘,外部参考候选：本次不公开原图；逐图授权或独立制图
XIAO-116-4-25,教材PDF裁图候选,图4-25 宜万铁路宜昌长江大桥主桥 图4-26 重庆菜园坝长江大桥,用户已有参考PDF《桥梁结构体系》,,,内部选图；正式出版前授权或重绘,外部参考候选：本次不公开原图；逐图授权或独立制图
XIAO-117-4-27,教材PDF裁图候选,图4-27 重庆朝天门大桥,用户已有参考PDF《桥梁结构体系》,,,内部选图；正式出版前授权或重绘,外部参考候选：本次不公开原图；逐图授权或独立制图
XIAO-117-4-28,教材PDF裁图候选,图4-28 宁波明州大桥,用户已有参考PDF《桥梁结构体系》,,,内部选图；正式出版前授权或重绘,外部参考候选：本次不公开原图；逐图授权或独立制图
XIAO-118-4-29,教材PDF裁图候选,图4-29 泸州合江长江一桥,用户已有参考PDF《桥梁结构体系》,,,内部选图；正式出版前授权或重绘,外部参考候选：本次不公开原图；逐图授权或独立制图
XIAO-118-4-30,教材PDF裁图候选,图4-30 西班牙Bacde Roda 桥,用户已有参考PDF《桥梁结构体系》,,,内部选图；正式出版前授权或重绘,外部参考候选：本次不公开原图；逐图授权或独立制图
XIAO-118-4-31,教材PDF裁图候选,图4-31 三国桥,用户已有参考PDF《桥梁结构体系》,,,内部选图；正式出版前授权或重绘,外部参考候选：本次不公开原图；逐图授权或独立制图
XIAO-119-4-32,教材PDF裁图候选,图4-32 西班牙阿拉麦达桥图 图4-33 西班牙的瓦伦蒂诺步行桥,用户已有参考PDF《桥梁结构体系》,,,内部选图；正式出版前授权或重绘,外部参考候选：本次不公开原图；逐图授权或独立制图
XIAO-119-4-34,教材PDF裁图候选,图4-34 蝴蝶拱 图4-35 天津大沽桥,用户已有参考PDF《桥梁结构体系》,,,内部选图；正式出版前授权或重绘,外部参考候选：本次不公开原图；逐图授权或独立制图
XIAO-119-4-36,教材PDF裁图候选,图4-36 盖茨海德尔千禧桥,用户已有参考PDF《桥梁结构体系》,,,内部选图；正式出版前授权或重绘,外部参考候选：本次不公开原图；逐图授权或独立制图
XIAO-120-4-38,教材PDF裁图候选,图4-38 中下承式拱桥,用户已有参考PDF《桥梁结构体系》,,,内部选图；正式出版前授权或重绘,外部参考候选：本次不公开原图；逐图授权或独立制图
XIAO-121-4-39,教材PDF裁图候选,图4-39 简单体系拱桥的传力路径,用户已有参考PDF《桥梁结构体系》,,,内部选图；正式出版前授权或重绘,外部参考候选：本次不公开原图；逐图授权或独立制图
XIAO-121-4-40,教材PDF裁图候选,图4-40 拱和梁的应力分布,用户已有参考PDF《桥梁结构体系》,,,内部选图；正式出版前授权或重绘,外部参考候选：本次不公开原图；逐图授权或独立制图
XIAO-121-4-41,教材PDF裁图候选,图4-41 无推力组合体系拱桥传力路径,用户已有参考PDF《桥梁结构体系》,,,内部选图；正式出版前授权或重绘,外部参考候选：本次不公开原图；逐图授权或独立制图
XIAO-122-4-42,教材PDF裁图候选,图4-42 外力与梁内应力的关系,用户已有参考PDF《桥梁结构体系》,,,内部选图；正式出版前授权或重绘,外部参考候选：本次不公开原图；逐图授权或独立制图
XIAO-122-4-43,教材PDF裁图候选,图4-43 吊杆膜化后梁拱组合体系的外力与体系内应力关系,用户已有参考PDF《桥梁结构体系》,,,内部选图；正式出版前授权或重绘,外部参考候选：本次不公开原图；逐图授权或独立制图
XIAO-123-4-44,教材PDF裁图候选,图4-44 简支梁拱组合体系桥恒载状态的弯矩、剪力、轴力图,用户已有参考PDF《桥梁结构体系》,,,内部选图；正式出版前授权或重绘,外部参考候选：本次不公开原图；逐图授权或独立制图
XIAO-124-4-45,教材PDF裁图候选,图4-45 悬臂梁拱组合体系,用户已有参考PDF《桥梁结构体系》,,,内部选图；正式出版前授权或重绘,外部参考候选：本次不公开原图；逐图授权或独立制图
XIAO-124-4-46,教材PDF裁图候选,图4-46 上承式连续梁拱组合体系,用户已有参考PDF《桥梁结构体系》,,,内部选图；正式出版前授权或重绘,外部参考候选：本次不公开原图；逐图授权或独立制图
XIAO-124-4-47,教材PDF裁图候选,图4-47 上承式连续梁拱组合桥,用户已有参考PDF《桥梁结构体系》,,,内部选图；正式出版前授权或重绘,外部参考候选：本次不公开原图；逐图授权或独立制图
XIAO-125-4-48,教材PDF裁图候选,图4-48 中承式连续梁拱组合桥结构简图,用户已有参考PDF《桥梁结构体系》,,,内部选图；正式出版前授权或重绘,外部参考候选：本次不公开原图；逐图授权或独立制图
XIAO-125-4-49,教材PDF裁图候选,图4-49 下承式连续梁拱组合桥结构及原理简图,用户已有参考PDF《桥梁结构体系》,,,内部选图；正式出版前授权或重绘,外部参考候选：本次不公开原图；逐图授权或独立制图
XIAO-126-4-50,教材PDF裁图候选,图4-50 桁拱组合体系,用户已有参考PDF《桥梁结构体系》,,,内部选图；正式出版前授权或重绘,外部参考候选：本次不公开原图；逐图授权或独立制图
XIAO-127-4-51,教材PDF裁图候选,图4-51 单跨拱桥拱脚约束方式,用户已有参考PDF《桥梁结构体系》,,,内部选图；正式出版前授权或重绘,外部参考候选：本次不公开原图；逐图授权或独立制图
XIAO-128-4-52,教材PDF裁图候选,图4-52 基本结构图,用户已有参考PDF《桥梁结构体系》,,,内部选图；正式出版前授权或重绘,外部参考候选：本次不公开原图；逐图授权或独立制图
XIAO-129-4-53,教材PDF裁图候选,图4-53 拱肋弯矩影响线,用户已有参考PDF《桥梁结构体系》,,,内部选图；正式出版前授权或重绘,外部参考候选：本次不公开原图；逐图授权或独立制图
XIAO-131-4-54,教材PDF裁图候选,图4-54 例一基本结构(cm),用户已有参考PDF《桥梁结构体系》,,,内部选图；正式出版前授权或重绘,外部参考候选：本次不公开原图；逐图授权或独立制图
XIAO-131-4-55,教材PDF裁图候选,图4-55 三种体系拱肋活载内力图,用户已有参考PDF《桥梁结构体系》,,,内部选图；正式出版前授权或重绘,外部参考候选：本次不公开原图；逐图授权或独立制图
XIAO-132-4-56,教材PDF裁图候选,图4-56 三种体系温度荷载内力图,用户已有参考PDF《桥梁结构体系》,,,内部选图；正式出版前授权或重绘,外部参考候选：本次不公开原图；逐图授权或独立制图
XIAO-132-4-57,教材PDF裁图候选,图4-57 三种体系支座水平变位内力图,用户已有参考PDF《桥梁结构体系》,,,内部选图；正式出版前授权或重绘,外部参考候选：本次不公开原图；逐图授权或独立制图
XIAO-132-4-58,教材PDF裁图候选,图4-58 三种体系支座竖向变位内力图,用户已有参考PDF《桥梁结构体系》,,,内部选图；正式出版前授权或重绘,外部参考候选：本次不公开原图；逐图授权或独立制图
XIAO-133-4-59,教材PDF裁图候选,图4-59 三种体系活载挠度比较,用户已有参考PDF《桥梁结构体系》,,,内部选图；正式出版前授权或重绘,外部参考候选：本次不公开原图；逐图授权或独立制图
XIAO-134-4-60,教材PDF裁图候选,图4-60 多跨拱桥拱脚约束方式,用户已有参考PDF《桥梁结构体系》,,,内部选图；正式出版前授权或重绘,外部参考候选：本次不公开原图；逐图授权或独立制图
XIAO-135-4-61,教材PDF裁图候选,图4-61 两种体系总体布置图（单位：m）,用户已有参考PDF《桥梁结构体系》,,,内部选图；正式出版前授权或重绘,外部参考候选：本次不公开原图；逐图授权或独立制图
XIAO-137-4-62,教材PDF裁图候选,图4-62 拱的连接方式,用户已有参考PDF《桥梁结构体系》,,,内部选图；正式出版前授权或重绘,外部参考候选：本次不公开原图；逐图授权或独立制图
XIAO-137-4-63,教材PDF裁图候选,图4-63 基本结构图,用户已有参考PDF《桥梁结构体系》,,,内部选图；正式出版前授权或重绘,外部参考候选：本次不公开原图；逐图授权或独立制图
XIAO-138-4-64,教材PDF裁图候选,图4-64 拱肋1/4L 处弯矩影响线,用户已有参考PDF《桥梁结构体系》,,,内部选图；正式出版前授权或重绘,外部参考候选：本次不公开原图；逐图授权或独立制图
XIAO-138-4-65,教材PDF裁图候选,图4-65 不同约束下活载内力图,用户已有参考PDF《桥梁结构体系》,,,内部选图；正式出版前授权或重绘,外部参考候选：本次不公开原图；逐图授权或独立制图
XIAO-138-4-66,教材PDF裁图候选,图4-66 两种体系活载挠度比较,用户已有参考PDF《桥梁结构体系》,,,内部选图；正式出版前授权或重绘,外部参考候选：本次不公开原图；逐图授权或独立制图
XIAO-140-4-67,教材PDF裁图候选,图4-67 中承式拱桥拱梁连接方式,用户已有参考PDF《桥梁结构体系》,,,内部选图；正式出版前授权或重绘,外部参考候选：本次不公开原图；逐图授权或独立制图
XIAO-140-4-69,教材PDF裁图候选,图4-69 三种体系均布荷载作用下关键截面内力比较图,用户已有参考PDF《桥梁结构体系》,,,内部选图；正式出版前授权或重绘,外部参考候选：本次不公开原图；逐图授权或独立制图
XIAO-141-4-70,教材PDF裁图候选,图4-70 三种体系温度作用下关键截面内力比较图,用户已有参考PDF《桥梁结构体系》,,,内部选图；正式出版前授权或重绘,外部参考候选：本次不公开原图；逐图授权或独立制图
XIAO-142-4-71,教材PDF裁图候选,图4-71 三种体系支座变位作用下关键截面内力比较图,用户已有参考PDF《桥梁结构体系》,,,内部选图；正式出版前授权或重绘,外部参考候选：本次不公开原图；逐图授权或独立制图
XIAO-143-4-72,教材PDF裁图候选,图4-72 下承式拱梁组合桥拱梁连接方式,用户已有参考PDF《桥梁结构体系》,,,内部选图；正式出版前授权或重绘,外部参考候选：本次不公开原图；逐图授权或独立制图
XIAO-144-4-73,教材PDF裁图候选,图4-73 玉峰大桥拱梁连接的受力分析(pa),用户已有参考PDF《桥梁结构体系》,,,内部选图；正式出版前授权或重绘,外部参考候选：本次不公开原图；逐图授权或独立制图
XIAO-145-4-74,教材PDF裁图候选,图4-74 四个影响因素与η 的函数关系曲线,用户已有参考PDF《桥梁结构体系》,,,内部选图；正式出版前授权或重绘,外部参考候选：本次不公开原图；逐图授权或独立制图
XIAO-145-4-75,教材PDF裁图候选,图4-75 柔性系杆刚性拱 图4-76 柔性系杆刚性拱计算模型,用户已有参考PDF《桥梁结构体系》,,,内部选图；正式出版前授权或重绘,外部参考候选：本次不公开原图；逐图授权或独立制图
XIAO-146-4-77,教材PDF裁图候选,图4-77 刚性系梁柔性拱 图4-78 刚性系梁柔性拱计算模型,用户已有参考PDF《桥梁结构体系》,,,内部选图；正式出版前授权或重绘,外部参考候选：本次不公开原图；逐图授权或独立制图
XIAO-146-4-79,教材PDF裁图候选,图4-79 刚性系梁刚性拱,用户已有参考PDF《桥梁结构体系》,,,内部选图；正式出版前授权或重绘,外部参考候选：本次不公开原图；逐图授权或独立制图
XIAO-147-4-80,教材PDF裁图候选,图4-80 活载作用下随,用户已有参考PDF《桥梁结构体系》,,,内部选图；正式出版前授权或重绘,外部参考候选：本次不公开原图；逐图授权或独立制图
XIAO-147-4-81,教材PDF裁图候选,图4-81 活载作用下随,用户已有参考PDF《桥梁结构体系》,,,内部选图；正式出版前授权或重绘,外部参考候选：本次不公开原图；逐图授权或独立制图
XIAO-148-4-82,教材PDF裁图候选,图4-82 随,用户已有参考PDF《桥梁结构体系》,,,内部选图；正式出版前授权或重绘,外部参考候选：本次不公开原图；逐图授权或独立制图
XIAO-149-4-85,教材PDF裁图候选,图4-85 单位均布荷载下N 、,用户已有参考PDF《桥梁结构体系》,,,内部选图；正式出版前授权或重绘,外部参考候选：本次不公开原图；逐图授权或独立制图
XIAO-150-4-86,教材PDF裁图候选,图4-86 单位均布荷载下桥例,用户已有参考PDF《桥梁结构体系》,,,内部选图；正式出版前授权或重绘,外部参考候选：本次不公开原图；逐图授权或独立制图
XIAO-151-4-88,教材PDF裁图候选,图4-88 单位均布荷载下桥例,用户已有参考PDF《桥梁结构体系》,,,内部选图；正式出版前授权或重绘,外部参考候选：本次不公开原图；逐图授权或独立制图
XIAO-154-4-89,教材PDF裁图候选,图4-89 三跨体系的典型布置,用户已有参考PDF《桥梁结构体系》,,,内部选图；正式出版前授权或重绘,外部参考候选：本次不公开原图；逐图授权或独立制图
XIAO-156-4-90,教材PDF裁图候选,图4-90 拱轴上不同荷载布置方式,用户已有参考PDF《桥梁结构体系》,,,内部选图；正式出版前授权或重绘,外部参考候选：本次不公开原图；逐图授权或独立制图
XIAO-159-4-91,教材PDF裁图候选,图4-91 直吊杆与斜吊杆布置,用户已有参考PDF《桥梁结构体系》,,,内部选图；正式出版前授权或重绘,外部参考候选：本次不公开原图；逐图授权或独立制图
XIAO-159-4-92,教材PDF裁图候选,图4-92 固定变化斜吊杆形式,用户已有参考PDF《桥梁结构体系》,,,内部选图；正式出版前授权或重绘,外部参考候选：本次不公开原图；逐图授权或独立制图
XIAO-160-4-93,教材PDF裁图候选,图4-93 径向布置形式,用户已有参考PDF《桥梁结构体系》,,,内部选图；正式出版前授权或重绘,外部参考候选：本次不公开原图；逐图授权或独立制图
XIAO-160-4-94,教材PDF裁图候选,图4-94 不同吊杆形式的系杆拱桥,用户已有参考PDF《桥梁结构体系》,,,内部选图；正式出版前授权或重绘,外部参考候选：本次不公开原图；逐图授权或独立制图
XIAO-160-4-95,教材PDF裁图候选,图4-95 拱肋的内力影响线,用户已有参考PDF《桥梁结构体系》,,,内部选图；正式出版前授权或重绘,外部参考候选：本次不公开原图；逐图授权或独立制图
XIAO-161-4-96,教材PDF裁图候选,图4-96 系杆的内力影响线,用户已有参考PDF《桥梁结构体系》,,,内部选图；正式出版前授权或重绘,外部参考候选：本次不公开原图；逐图授权或独立制图
XIAO-161-4-97,教材PDF裁图候选,图4-97 吊杆的内力影响线,用户已有参考PDF《桥梁结构体系》,,,内部选图；正式出版前授权或重绘,外部参考候选：本次不公开原图；逐图授权或独立制图
XIAO-161-4-98,教材PDF裁图候选,图4-98 系杆的挠度影响线,用户已有参考PDF《桥梁结构体系》,,,内部选图；正式出版前授权或重绘,外部参考候选：本次不公开原图；逐图授权或独立制图
XIAO-163-4-99,教材PDF裁图候选,图4-99 三座拱桥的立面布置图,用户已有参考PDF《桥梁结构体系》,,,内部选图；正式出版前授权或重绘,外部参考候选：本次不公开原图；逐图授权或独立制图
XIAO-164-4-100,教材PDF裁图候选,图4-100 重庆菜园坝大桥总图布置图(m),用户已有参考PDF《桥梁结构体系》,,,内部选图；正式出版前授权或重绘,外部参考候选：本次不公开原图；逐图授权或独立制图
XIAO-164-4-101,教材PDF裁图候选,图4-101 中承式系梁拱桥边跨有无立杆设置对比,用户已有参考PDF《桥梁结构体系》,,,内部选图；正式出版前授权或重绘,外部参考候选：本次不公开原图；逐图授权或独立制图
XIAO-164-4-102,教材PDF裁图候选,图4-102 Y 形刚构及系梁中拱传力路径示意图,用户已有参考PDF《桥梁结构体系》,,,内部选图；正式出版前授权或重绘,外部参考候选：本次不公开原图；逐图授权或独立制图
XIAO-165-4-103,教材PDF裁图候选,图4-103 南京大胜关长江大桥,用户已有参考PDF《桥梁结构体系》,,,内部选图；正式出版前授权或重绘,外部参考候选：本次不公开原图；逐图授权或独立制图
XIAO-166-4-104,教材PDF裁图候选,图4-104 大桥横断面布置,用户已有参考PDF《桥梁结构体系》,,,内部选图；正式出版前授权或重绘,外部参考候选：本次不公开原图；逐图授权或独立制图
XIAO-166-4-105,教材PDF裁图候选,图4-105 主桥总体布置图（mm）,用户已有参考PDF《桥梁结构体系》,,,内部选图；正式出版前授权或重绘,外部参考候选：本次不公开原图；逐图授权或独立制图
XIAO-167-4-106,教材PDF裁图候选,图4-106 卢浦大桥结构体系简图,用户已有参考PDF《桥梁结构体系》,,,内部选图；正式出版前授权或重绘,外部参考候选：本次不公开原图；逐图授权或独立制图
XIAO-167-4-107,教材PDF裁图候选,图4-107 卢浦大桥施工图片,用户已有参考PDF《桥梁结构体系》,,,内部选图；正式出版前授权或重绘,外部参考候选：本次不公开原图；逐图授权或独立制图
XIAO-167-4-108,教材PDF裁图候选,图4-108 日本新浜寺桥,用户已有参考PDF《桥梁结构体系》,,,内部选图；正式出版前授权或重绘,外部参考候选：本次不公开原图；逐图授权或独立制图
XIAO-168-4-109,教材PDF裁图候选,图4-109 日本新浜寺桥总体布置图（mm）,用户已有参考PDF《桥梁结构体系》,,,内部选图；正式出版前授权或重绘,外部参考候选：本次不公开原图；逐图授权或独立制图
XIAO-168-4-110,教材PDF裁图候选,图4-110 NS 锚具的构造（cm）,用户已有参考PDF《桥梁结构体系》,,,内部选图；正式出版前授权或重绘,外部参考候选：本次不公开原图；逐图授权或独立制图
XIAO-169-4-111,教材PDF裁图候选,图4-111 温州南塘河大桥,用户已有参考PDF《桥梁结构体系》,,,内部选图；正式出版前授权或重绘,外部参考候选：本次不公开原图；逐图授权或独立制图
XIAO-169-4-112,教材PDF裁图候选,图4-112 非保向力系对拱稳定的影响,用户已有参考PDF《桥梁结构体系》,,,内部选图；正式出版前授权或重绘,外部参考候选：本次不公开原图；逐图授权或独立制图
XIAO-169-4-113,教材PDF裁图候选,图4-113 无风撑桥面效果图,用户已有参考PDF《桥梁结构体系》,,,内部选图；正式出版前授权或重绘,外部参考候选：本次不公开原图；逐图授权或独立制图
XIAO-170-4-114,教材PDF裁图候选,图4-114 昆山玉峰大桥,用户已有参考PDF《桥梁结构体系》,,,内部选图；正式出版前授权或重绘,外部参考候选：本次不公开原图；逐图授权或独立制图
XIAO-170-4-115,教材PDF裁图候选,图4-115 无推力斜靠拱体系传力路径示意图,用户已有参考PDF《桥梁结构体系》,,,内部选图；正式出版前授权或重绘,外部参考候选：本次不公开原图；逐图授权或独立制图
XIAO-172-5-1,教材PDF裁图候选,图5-1 爪哇的竹斜拉桥,用户已有参考PDF《桥梁结构体系》,,,内部选图；正式出版前授权或重绘,外部参考候选：本次不公开原图；逐图授权或独立制图
XIAO-172-5-2,教材PDF裁图候选,图5-2 英国Niemburg 桥,用户已有参考PDF《桥梁结构体系》,,,内部选图；正式出版前授权或重绘,外部参考候选：本次不公开原图；逐图授权或独立制图
XIAO-173-5-3,教材PDF裁图候选,图5-3 Roebling 体系,用户已有参考PDF《桥梁结构体系》,,,内部选图；正式出版前授权或重绘,外部参考候选：本次不公开原图；逐图授权或独立制图
XIAO-173-5-4,教材PDF裁图候选,图5-4 Dichinger 体系,用户已有参考PDF《桥梁结构体系》,,,内部选图；正式出版前授权或重绘,外部参考候选：本次不公开原图；逐图授权或独立制图
XIAO-173-5-5,教材PDF裁图候选,图5-5 瑞典Strömsund 桥,用户已有参考PDF《桥梁结构体系》,,,内部选图；正式出版前授权或重绘,外部参考候选：本次不公开原图；逐图授权或独立制图
XIAO-174-5-6,教材PDF裁图候选,图5-6 德国Theodor-Heuss 桥 图5-7 德国科隆Severin 桥,用户已有参考PDF《桥梁结构体系》,,,内部选图；正式出版前授权或重绘,外部参考候选：本次不公开原图；逐图授权或独立制图
XIAO-174-5-8,教材PDF裁图候选,图5-8 委内瑞拉Maracaibo Lake 桥,用户已有参考PDF《桥梁结构体系》,,,内部选图；正式出版前授权或重绘,外部参考候选：本次不公开原图；逐图授权或独立制图
XIAO-175-5-11,教材PDF裁图候选,图5-11 法国Brotonne 桥 图5-12 美国Pasco Kennewick 桥,用户已有参考PDF《桥梁结构体系》,,,内部选图；正式出版前授权或重绘,外部参考候选：本次不公开原图；逐图授权或独立制图
XIAO-175-5-13,教材PDF裁图候选,图5-13 西班牙Luna 桥 图5-14 部分地锚斜拉桥跨中加劲梁产生拉力,用户已有参考PDF《桥梁结构体系》,,,内部选图；正式出版前授权或重绘,外部参考候选：本次不公开原图；逐图授权或独立制图
XIAO-175-5-9,教材PDF裁图候选,图5-9 Friedrich Ebert 桥 图5-10 Höchst Main 河二桥,用户已有参考PDF《桥梁结构体系》,,,内部选图；正式出版前授权或重绘,外部参考候选：本次不公开原图；逐图授权或独立制图
XIAO-176-5-15,教材PDF裁图候选,图5-15 美国East Huntington 桥 图5-16 无背索斜拉桥——西班牙Alamillo 桥,用户已有参考PDF《桥梁结构体系》,,,内部选图；正式出版前授权或重绘,外部参考候选：本次不公开原图；逐图授权或独立制图
XIAO-176-5-17,教材PDF裁图候选,图5-17 反拱形梁桥,用户已有参考PDF《桥梁结构体系》,,,内部选图；正式出版前授权或重绘,外部参考候选：本次不公开原图；逐图授权或独立制图
XIAO-177-5-18,教材PDF裁图候选,图5-18 甘特桥 图5-19 小田原港桥,用户已有参考PDF《桥梁结构体系》,,,内部选图；正式出版前授权或重绘,外部参考候选：本次不公开原图；逐图授权或独立制图
XIAO-177-5-20,教材PDF裁图候选,图5-20 芜湖长江大桥,用户已有参考PDF《桥梁结构体系》,,,内部选图；正式出版前授权或重绘,外部参考候选：本次不公开原图；逐图授权或独立制图
XIAO-177-5-21,教材PDF裁图候选,图5-21 希腊Rion-Antirion 桥及索塔基础示意图,用户已有参考PDF《桥梁结构体系》,,,内部选图；正式出版前授权或重绘,外部参考候选：本次不公开原图；逐图授权或独立制图
XIAO-178-5-22,教材PDF裁图候选,图5-22 俄罗斯Russky Island 桥,用户已有参考PDF《桥梁结构体系》,,,内部选图；正式出版前授权或重绘,外部参考候选：本次不公开原图；逐图授权或独立制图
XIAO-178-5-23,教材PDF裁图候选,图5-23 斜拉-悬吊组合体系,用户已有参考PDF《桥梁结构体系》,,,内部选图；正式出版前授权或重绘,外部参考候选：本次不公开原图；逐图授权或独立制图
XIAO-178-5-24,教材PDF裁图候选,图5-24 部分地锚—斜拉—悬吊组合体系,用户已有参考PDF《桥梁结构体系》,,,内部选图；正式出版前授权或重绘,外部参考候选：本次不公开原图；逐图授权或独立制图
XIAO-179-5-25,教材PDF裁图候选,图5-25 斜拉桥跨径记录的发展历程,用户已有参考PDF《桥梁结构体系》,,,内部选图；正式出版前授权或重绘,外部参考候选：本次不公开原图；逐图授权或独立制图
XIAO-179-5-26,教材PDF裁图候选,图5-26 斜拉桥结构示意图,用户已有参考PDF《桥梁结构体系》,,,内部选图；正式出版前授权或重绘,外部参考候选：本次不公开原图；逐图授权或独立制图
XIAO-180-5-27,教材PDF裁图候选,图5-27 斜拉桥荷载传递路径示意图,用户已有参考PDF《桥梁结构体系》,,,内部选图；正式出版前授权或重绘,外部参考候选：本次不公开原图；逐图授权或独立制图
XIAO-180-5-28,教材PDF裁图候选,图5-28 连续梁桥和斜拉桥恒载弯矩比较图 图5-29 自锚式斜拉桥轴力图,用户已有参考PDF《桥梁结构体系》,,,内部选图；正式出版前授权或重绘,外部参考候选：本次不公开原图；逐图授权或独立制图
XIAO-181-5-30,教材PDF裁图候选,图5-30 斜拉桥索塔的组成,用户已有参考PDF《桥梁结构体系》,,,内部选图；正式出版前授权或重绘,外部参考候选：本次不公开原图；逐图授权或独立制图
XIAO-183-5-31,教材PDF裁图候选,图5-31 斜拉桥四种空间索体系布置,用户已有参考PDF《桥梁结构体系》,,,内部选图；正式出版前授权或重绘,外部参考候选：本次不公开原图；逐图授权或独立制图
XIAO-184-5-32,教材PDF裁图候选,图5-32 索塔纵桥向变化形式,用户已有参考PDF《桥梁结构体系》,,,内部选图；正式出版前授权或重绘,外部参考候选：本次不公开原图；逐图授权或独立制图
XIAO-184-5-33,教材PDF裁图候选,图5-33 索塔横桥向变化形式,用户已有参考PDF《桥梁结构体系》,,,内部选图；正式出版前授权或重绘,外部参考候选：本次不公开原图；逐图授权或独立制图
XIAO-185-5-34,教材PDF裁图候选,图5-34 独塔斜拉桥边跨拉索和锚块(墩)的连结,用户已有参考PDF《桥梁结构体系》,,,内部选图；正式出版前授权或重绘,外部参考候选：本次不公开原图；逐图授权或独立制图
XIAO-185-5-35,教材PDF裁图候选,图5-35 典型的独塔单跨地锚斜拉桥体系桥例(m),用户已有参考PDF《桥梁结构体系》,,,内部选图；正式出版前授权或重绘,外部参考候选：本次不公开原图；逐图授权或独立制图
XIAO-186-5-36,教材PDF裁图候选,图5-36 双塔地锚斜拉桥主梁轴力示意图,用户已有参考PDF《桥梁结构体系》,,,内部选图；正式出版前授权或重绘,外部参考候选：本次不公开原图；逐图授权或独立制图
XIAO-186-5-37,教材PDF裁图候选,图5-37 双塔自锚斜拉桥主梁轴力示意图,用户已有参考PDF《桥梁结构体系》,,,内部选图；正式出版前授权或重绘,外部参考候选：本次不公开原图；逐图授权或独立制图
XIAO-186-5-38,教材PDF裁图候选,图5-38 主梁轴力计算简图（均布恒载）,用户已有参考PDF《桥梁结构体系》,,,内部选图；正式出版前授权或重绘,外部参考候选：本次不公开原图；逐图授权或独立制图
XIAO-187-5-39,教材PDF裁图候选,图5-39 主梁轴力计算简图（集中荷载）,用户已有参考PDF《桥梁结构体系》,,,内部选图；正式出版前授权或重绘,外部参考候选：本次不公开原图；逐图授权或独立制图
XIAO-188-5-40,教材PDF裁图候选,图5-40 双塔部分地锚斜拉桥主梁轴力示意图 图5-41 部分地锚体系斜拉桥计算简图,用户已有参考PDF《桥梁结构体系》,,,内部选图；正式出版前授权或重绘,外部参考候选：本次不公开原图；逐图授权或独立制图
XIAO-188-5-42,教材PDF裁图候选,图5-42 西班牙Luna 桥,用户已有参考PDF《桥梁结构体系》,,,内部选图；正式出版前授权或重绘,外部参考候选：本次不公开原图；逐图授权或独立制图
XIAO-189-5-43,教材PDF裁图候选,图5-43 主跨1400m 部分地锚斜拉桥方案总体布置(m),用户已有参考PDF《桥梁结构体系》,,,内部选图；正式出版前授权或重绘,外部参考候选：本次不公开原图；逐图授权或独立制图
XIAO-189-5-44,教材PDF裁图候选,图5-44 主跨1400m 部分地锚斜拉桥方案斜拉索面积(m2),用户已有参考PDF《桥梁结构体系》,,,内部选图；正式出版前授权或重绘,外部参考候选：本次不公开原图；逐图授权或独立制图
XIAO-190-5-45,教材PDF裁图候选,图5-45 成桥恒载状态对比,用户已有参考PDF《桥梁结构体系》,,,内部选图；正式出版前授权或重绘,外部参考候选：本次不公开原图；逐图授权或独立制图
XIAO-191-5-46,教材PDF裁图候选,图5-46 活载效应对比,用户已有参考PDF《桥梁结构体系》,,,内部选图；正式出版前授权或重绘,外部参考候选：本次不公开原图；逐图授权或独立制图
XIAO-191-5-47,教材PDF裁图候选,图5-47 双塔斜拉桥纵风作用下结构响应示意图,用户已有参考PDF《桥梁结构体系》,,,内部选图；正式出版前授权或重绘,外部参考候选：本次不公开原图；逐图授权或独立制图
XIAO-191-5-48,教材PDF裁图候选,图5-48 极限静纵风效应对比,用户已有参考PDF《桥梁结构体系》,,,内部选图；正式出版前授权或重绘,外部参考候选：本次不公开原图；逐图授权或独立制图
XIAO-192-5-49,教材PDF裁图候选,图5-49 极限静侧风效应对比,用户已有参考PDF《桥梁结构体系》,,,内部选图；正式出版前授权或重绘,外部参考候选：本次不公开原图；逐图授权或独立制图
XIAO-192-5-50,教材PDF裁图候选,图5-50 部分地锚斜拉桥成桥状态一阶失稳模态,用户已有参考PDF《桥梁结构体系》,,,内部选图；正式出版前授权或重绘,外部参考候选：本次不公开原图；逐图授权或独立制图
XIAO-192-5-51,教材PDF裁图候选,图5-51 稳定安全系数对比 图5-52 自振频率对比,用户已有参考PDF《桥梁结构体系》,,,内部选图；正式出版前授权或重绘,外部参考候选：本次不公开原图；逐图授权或独立制图
XIAO-193-5-53,教材PDF裁图候选,图5-53 活载效应对比,用户已有参考PDF《桥梁结构体系》,,,内部选图；正式出版前授权或重绘,外部参考候选：本次不公开原图；逐图授权或独立制图
XIAO-194-5-54,教材PDF裁图候选,图5-54 极限静侧风效应对比,用户已有参考PDF《桥梁结构体系》,,,内部选图；正式出版前授权或重绘,外部参考候选：本次不公开原图；逐图授权或独立制图
XIAO-194-5-55,教材PDF裁图候选,图5-55 极限静纵风效应对比,用户已有参考PDF《桥梁结构体系》,,,内部选图；正式出版前授权或重绘,外部参考候选：本次不公开原图；逐图授权或独立制图
XIAO-194-5-56,教材PDF裁图候选,图5-56 稳定安全系数对比 图5-57 自振频率对比,用户已有参考PDF《桥梁结构体系》,,,内部选图；正式出版前授权或重绘,外部参考候选：本次不公开原图；逐图授权或独立制图
XIAO-196-5-58,教材PDF裁图候选,图5-58 斜拉桥体系塔、墩、梁的四种基本连接方式,用户已有参考PDF《桥梁结构体系》,,,内部选图；正式出版前授权或重绘,外部参考候选：本次不公开原图；逐图授权或独立制图
XIAO-196-5-59,教材PDF裁图候选,图5-59 大跨径斜拉桥的塔梁纵向连接方式,用户已有参考PDF《桥梁结构体系》,,,内部选图；正式出版前授权或重绘,外部参考候选：本次不公开原图；逐图授权或独立制图
XIAO-197-5-60,教材PDF裁图候选,图5-60 双薄壁柔性墩连续刚构体系,用户已有参考PDF《桥梁结构体系》,,,内部选图；正式出版前授权或重绘,外部参考候选：本次不公开原图；逐图授权或独立制图
XIAO-197-5-61,教材PDF裁图候选,图5-61 斜拉桥四种基本体系主梁受力图,用户已有参考PDF《桥梁结构体系》,,,内部选图；正式出版前授权或重绘,外部参考候选：本次不公开原图；逐图授权或独立制图
XIAO-200-5-62,教材PDF裁图候选,图5-62 梁端水平位移图(mm) 图5-63 地震作用下结构位移和内力图,用户已有参考PDF《桥梁结构体系》,,,内部选图；正式出版前授权或重绘,外部参考候选：本次不公开原图；逐图授权或独立制图
XIAO-201-5-64,教材PDF裁图候选,图5-64 塔顶位移随弹性约束刚度变化曲线,用户已有参考PDF《桥梁结构体系》,,,内部选图；正式出版前授权或重绘,外部参考候选：本次不公开原图；逐图授权或独立制图
XIAO-201-5-65,教材PDF裁图候选,图5-65 塔底弯矩组合随弹性约束刚度变化曲线,用户已有参考PDF《桥梁结构体系》,,,内部选图；正式出版前授权或重绘,外部参考候选：本次不公开原图；逐图授权或独立制图
XIAO-201-5-66,教材PDF裁图候选,图5-66 塔顶地震位移随刚度变化曲线,用户已有参考PDF《桥梁结构体系》,,,内部选图；正式出版前授权或重绘,外部参考候选：本次不公开原图；逐图授权或独立制图
XIAO-201-5-68,教材PDF裁图候选,图5-68 粘滞性限位阻尼器结构示意 图5-69 单个阻尼器力—位移关系,用户已有参考PDF《桥梁结构体系》,,,内部选图；正式出版前授权或重绘,外部参考候选：本次不公开原图；逐图授权或独立制图
XIAO-202-5-70,教材PDF裁图候选,图5-70 阻尼器弹性刚度参数取值对静力反应的影响（极大风）,用户已有参考PDF《桥梁结构体系》,,,内部选图；正式出版前授权或重绘,外部参考候选：本次不公开原图；逐图授权或独立制图
XIAO-203-5-71,教材PDF裁图候选,图5-71 阻尼器参数取值对地震反应的影响,用户已有参考PDF《桥梁结构体系》,,,内部选图；正式出版前授权或重绘,外部参考候选：本次不公开原图；逐图授权或独立制图
XIAO-205-5-72,教材PDF裁图候选,图5-72 主跨1400m 自锚式斜拉桥立面布置图(m),用户已有参考PDF《桥梁结构体系》,,,内部选图；正式出版前授权或重绘,外部参考候选：本次不公开原图；逐图授权或独立制图
XIAO-205-5-73,教材PDF裁图候选,图5-73 主跨1400m 斜拉桥方案斜拉索面积(m2),用户已有参考PDF《桥梁结构体系》,,,内部选图；正式出版前授权或重绘,外部参考候选：本次不公开原图；逐图授权或独立制图
XIAO-206-5-74,教材PDF裁图候选,图5-74 典型截面特性与梁高,用户已有参考PDF《桥梁结构体系》,,,内部选图；正式出版前授权或重绘,外部参考候选：本次不公开原图；逐图授权或独立制图
XIAO-206-5-75,教材PDF裁图候选,图5-75 主梁高度变化对结构力学性能的影响,用户已有参考PDF《桥梁结构体系》,,,内部选图；正式出版前授权或重绘,外部参考候选：本次不公开原图；逐图授权或独立制图
XIAO-207-5-76,教材PDF裁图候选,图5-76 不同梁高下活载单项作用主梁上、下缘应力（kPa）,用户已有参考PDF《桥梁结构体系》,,,内部选图；正式出版前授权或重绘,外部参考候选：本次不公开原图；逐图授权或独立制图
XIAO-207-5-77,教材PDF裁图候选,图5-77 不同梁高下索塔活载弯矩包络图（kN·m）,用户已有参考PDF《桥梁结构体系》,,,内部选图；正式出版前授权或重绘,外部参考候选：本次不公开原图；逐图授权或独立制图
XIAO-207-5-78,教材PDF裁图候选,图5-78 不同梁高下斜拉索应力幅比较（kPa）,用户已有参考PDF《桥梁结构体系》,,,内部选图；正式出版前授权或重绘,外部参考候选：本次不公开原图；逐图授权或独立制图
XIAO-209-5-79,教材PDF裁图候选,图5-79 索塔刚度变化对结构力学性能的影响,用户已有参考PDF《桥梁结构体系》,,,内部选图；正式出版前授权或重绘,外部参考候选：本次不公开原图；逐图授权或独立制图
XIAO-209-5-80,教材PDF裁图候选,图5-80 三种模型索塔典型截面参数比较,用户已有参考PDF《桥梁结构体系》,,,内部选图；正式出版前授权或重绘,外部参考候选：本次不公开原图；逐图授权或独立制图
XIAO-210-5-81,教材PDF裁图候选,图5-81 不同索塔截面参数下索塔活载弯矩包络比较（kN·m）,用户已有参考PDF《桥梁结构体系》,,,内部选图；正式出版前授权或重绘,外部参考候选：本次不公开原图；逐图授权或独立制图
XIAO-210-5-82,教材PDF裁图候选,图5-82 不同索塔截面参数下主梁活载弯矩包络比较（kN·m）,用户已有参考PDF《桥梁结构体系》,,,内部选图；正式出版前授权或重绘,外部参考候选：本次不公开原图；逐图授权或独立制图
XIAO-211-5-83,教材PDF裁图候选,图5-83 不同索塔截面参数下斜拉索活载应力幅比较（kPa）,用户已有参考PDF《桥梁结构体系》,,,内部选图；正式出版前授权或重绘,外部参考候选：本次不公开原图；逐图授权或独立制图
XIAO-212-5-84,教材PDF裁图候选,图5-84 倍增后的斜拉索截面面积(m2),用户已有参考PDF《桥梁结构体系》,,,内部选图；正式出版前授权或重绘,外部参考候选：本次不公开原图；逐图授权或独立制图
XIAO-212-5-85,教材PDF裁图候选,图5-85 活载作用下受力状态图,用户已有参考PDF《桥梁结构体系》,,,内部选图；正式出版前授权或重绘,外部参考候选：本次不公开原图；逐图授权或独立制图
XIAO-213-5-86,教材PDF裁图候选,图5-86 三跨式斜拉桥总体布置示意图,用户已有参考PDF《桥梁结构体系》,,,内部选图；正式出版前授权或重绘,外部参考候选：本次不公开原图；逐图授权或独立制图
XIAO-214-5-87,教材PDF裁图候选,图5-87 锚索索力与主梁加载情况,用户已有参考PDF《桥梁结构体系》,,,内部选图；正式出版前授权或重绘,外部参考候选：本次不公开原图；逐图授权或独立制图
XIAO-214-5-88,教材PDF裁图候选,图5-88 斜拉桥边中跨比的参数研究,用户已有参考PDF《桥梁结构体系》,,,内部选图；正式出版前授权或重绘,外部参考候选：本次不公开原图；逐图授权或独立制图
XIAO-215-5-89,教材PDF裁图候选,图5-89 主梁宽度变化对结构力学性能的影响,用户已有参考PDF《桥梁结构体系》,,,内部选图；正式出版前授权或重绘,外部参考候选：本次不公开原图；逐图授权或独立制图
XIAO-217-5-90,教材PDF裁图候选,图5-90 索塔高度变化对结构力学性能的影响,用户已有参考PDF《桥梁结构体系》,,,内部选图；正式出版前授权或重绘,外部参考候选：本次不公开原图；逐图授权或独立制图
XIAO-217-5-91,教材PDF裁图候选,图5-91 恒载索力比较（kN）,用户已有参考PDF《桥梁结构体系》,,,内部选图；正式出版前授权或重绘,外部参考候选：本次不公开原图；逐图授权或独立制图
XIAO-217-5-92,教材PDF裁图候选,图5-92 斜拉索面积比较（m2）,用户已有参考PDF《桥梁结构体系》,,,内部选图；正式出版前授权或重绘,外部参考候选：本次不公开原图；逐图授权或独立制图
XIAO-217-5-93,教材PDF裁图候选,图5-93 恒载主梁轴力比较（kN）,用户已有参考PDF《桥梁结构体系》,,,内部选图；正式出版前授权或重绘,外部参考候选：本次不公开原图；逐图授权或独立制图
XIAO-220-5-94,教材PDF裁图候选,图5-94 恒载索力比较（kN）,用户已有参考PDF《桥梁结构体系》,,,内部选图；正式出版前授权或重绘,外部参考候选：本次不公开原图；逐图授权或独立制图
XIAO-220-5-95,教材PDF裁图候选,图5-95 恒载主梁轴力比较（kN）,用户已有参考PDF《桥梁结构体系》,,,内部选图；正式出版前授权或重绘,外部参考候选：本次不公开原图；逐图授权或独立制图
XIAO-222-5-96,教材PDF裁图候选,图5-96 主梁轴力的参数研究,用户已有参考PDF《桥梁结构体系》,,,内部选图；正式出版前授权或重绘,外部参考候选：本次不公开原图；逐图授权或独立制图
XIAO-223-5-97,教材PDF裁图候选,图5-97 主梁挠度计算示意图,用户已有参考PDF《桥梁结构体系》,,,内部选图；正式出版前授权或重绘,外部参考候选：本次不公开原图；逐图授权或独立制图
XIAO-225-5-98,教材PDF裁图候选,图5-98 中跨主梁跨中挠度的参数研究,用户已有参考PDF《桥梁结构体系》,,,内部选图；正式出版前授权或重绘,外部参考候选：本次不公开原图；逐图授权或独立制图
XIAO-226-5-99,教材PDF裁图候选,图5-99 集中荷载作用下的地基梁,用户已有参考PDF《桥梁结构体系》,,,内部选图；正式出版前授权或重绘,外部参考候选：本次不公开原图；逐图授权或独立制图
XIAO-227-5-100,教材PDF裁图候选,图5-100 主梁弯矩的参数研究,用户已有参考PDF《桥梁结构体系》,,,内部选图；正式出版前授权或重绘,外部参考候选：本次不公开原图；逐图授权或独立制图
XIAO-228-5-101,教材PDF裁图候选,图5-101 主梁的“钟摆效应”,用户已有参考PDF《桥梁结构体系》,,,内部选图；正式出版前授权或重绘,外部参考候选：本次不公开原图；逐图授权或独立制图
XIAO-228-5-102,教材PDF裁图候选,图5-102 主梁侧向挠曲示意图,用户已有参考PDF《桥梁结构体系》,,,内部选图；正式出版前授权或重绘,外部参考候选：本次不公开原图；逐图授权或独立制图
XIAO-228-5-103,教材PDF裁图候选,图5-103 三跨连续梁弯矩分布图,用户已有参考PDF《桥梁结构体系》,,,内部选图；正式出版前授权或重绘,外部参考候选：本次不公开原图；逐图授权或独立制图
XIAO-229-5-104,教材PDF裁图候选,图5-104 三跨连续梁挠曲变形图,用户已有参考PDF《桥梁结构体系》,,,内部选图；正式出版前授权或重绘,外部参考候选：本次不公开原图；逐图授权或独立制图
XIAO-230-5-105,教材PDF裁图候选,图5-105 主梁横向弯矩的参数研究,用户已有参考PDF《桥梁结构体系》,,,内部选图；正式出版前授权或重绘,外部参考候选：本次不公开原图；逐图授权或独立制图
XIAO-230-5-106,教材PDF裁图候选,图5-106 主梁横向位移的参数研究,用户已有参考PDF《桥梁结构体系》,,,内部选图；正式出版前授权或重绘,外部参考候选：本次不公开原图；逐图授权或独立制图
XIAO-231-5-107,教材PDF裁图候选,图5-107 索塔塔顶水平位移的参数研究,用户已有参考PDF《桥梁结构体系》,,,内部选图；正式出版前授权或重绘,外部参考候选：本次不公开原图；逐图授权或独立制图
XIAO-231-5-108,教材PDF裁图候选,图5-108 索塔弯矩计算简图,用户已有参考PDF《桥梁结构体系》,,,内部选图；正式出版前授权或重绘,外部参考候选：本次不公开原图；逐图授权或独立制图
XIAO-233-5-109,教材PDF裁图候选,图5-109 索塔弯矩的参数研究,用户已有参考PDF《桥梁结构体系》,,,内部选图；正式出版前授权或重绘,外部参考候选：本次不公开原图；逐图授权或独立制图
XIAO-233-5-110,教材PDF裁图候选,图5-110 主梁屈曲稳定系数的参数研究,用户已有参考PDF《桥梁结构体系》,,,内部选图；正式出版前授权或重绘,外部参考候选：本次不公开原图；逐图授权或独立制图
XIAO-234-5-111,教材PDF裁图候选,图5-111 CFRP 与钢组合截面斜拉索结构形式,用户已有参考PDF《桥梁结构体系》,,,内部选图；正式出版前授权或重绘,外部参考候选：本次不公开原图；逐图授权或独立制图
XIAO-234-5-112,教材PDF裁图候选,图5-112 CFRP 与钢组合斜拉索综合设计方案,用户已有参考PDF《桥梁结构体系》,,,内部选图；正式出版前授权或重绘,外部参考候选：本次不公开原图；逐图授权或独立制图
XIAO-235-5-113,教材PDF裁图候选,图5-113 活载作用下受力状态对比,用户已有参考PDF《桥梁结构体系》,,,内部选图；正式出版前授权或重绘,外部参考候选：本次不公开原图；逐图授权或独立制图
XIAO-235-5-114,教材PDF裁图候选,图5-114 无锚索的不稳定体系,用户已有参考PDF《桥梁结构体系》,,,内部选图；正式出版前授权或重绘,外部参考候选：本次不公开原图；逐图授权或独立制图
XIAO-235-5-115,教材PDF裁图候选,图5-115 有锚索的稳定体系,用户已有参考PDF《桥梁结构体系》,,,内部选图；正式出版前授权或重绘,外部参考候选：本次不公开原图；逐图授权或独立制图
XIAO-236-5-116,教材PDF裁图候选,图5-116 锚索对索塔的水平约束示意图,用户已有参考PDF《桥梁结构体系》,,,内部选图；正式出版前授权或重绘,外部参考候选：本次不公开原图；逐图授权或独立制图
XIAO-236-5-117,教材PDF裁图候选,图5-117 多塔斜拉体系变形示意图,用户已有参考PDF《桥梁结构体系》,,,内部选图；正式出版前授权或重绘,外部参考候选：本次不公开原图；逐图授权或独立制图
XIAO-237-5-118,教材PDF裁图候选,图5-118 三角形索塔体体系,用户已有参考PDF《桥梁结构体系》,,,内部选图；正式出版前授权或重绘,外部参考候选：本次不公开原图；逐图授权或独立制图
XIAO-237-5-119,教材PDF裁图候选,图5-119 组合式刚性索塔,用户已有参考PDF《桥梁结构体系》,,,内部选图；正式出版前授权或重绘,外部参考候选：本次不公开原图；逐图授权或独立制图
XIAO-237-5-120,教材PDF裁图候选,图5-120 多塔斜拉桥增大结构刚度的加劲索布置形式,用户已有参考PDF《桥梁结构体系》,,,内部选图；正式出版前授权或重绘,外部参考候选：本次不公开原图；逐图授权或独立制图
XIAO-238-5-121,教材PDF裁图候选,图5-121 香港汀九大桥,用户已有参考PDF《桥梁结构体系》,,,内部选图；正式出版前授权或重绘,外部参考候选：本次不公开原图；逐图授权或独立制图
XIAO-238-5-122,教材PDF裁图候选,图5-122 交叉索简化计算示意图,用户已有参考PDF《桥梁结构体系》,,,内部选图；正式出版前授权或重绘,外部参考候选：本次不公开原图；逐图授权或独立制图
XIAO-241-5-123,教材PDF裁图候选,图5-123 三跨支承体系计算简图,用户已有参考PDF《桥梁结构体系》,,,内部选图；正式出版前授权或重绘,外部参考候选：本次不公开原图；逐图授权或独立制图
XIAO-242-5-124,教材PDF裁图候选,图5-124 为xi=8m 时，不同支承条件的βi 随跨径变化的关系。主跨相同时，固结体系,用户已有参考PDF《桥梁结构体系》,,,内部选图；正式出版前授权或重绘,外部参考候选：本次不公开原图；逐图授权或独立制图
XIAO-243-5-126,教材PDF裁图候选,图5-126 索梁活载比与应力变幅统计图,用户已有参考PDF《桥梁结构体系》,,,内部选图；正式出版前授权或重绘,外部参考候选：本次不公开原图；逐图授权或独立制图
XIAO-244-5-127,教材PDF裁图候选,图5-127 “索辅梁”部分斜拉桥的设计理念,用户已有参考PDF《桥梁结构体系》,,,内部选图；正式出版前授权或重绘,外部参考候选：本次不公开原图；逐图授权或独立制图
XIAO-245-5-129,教材PDF裁图候选,图5-129 苏通大桥,用户已有参考PDF《桥梁结构体系》,,,内部选图；正式出版前授权或重绘,外部参考候选：本次不公开原图；逐图授权或独立制图
XIAO-245-5-130,教材PDF裁图候选,图5-130 苏通大桥总体布置图（cm）,用户已有参考PDF《桥梁结构体系》,,,内部选图；正式出版前授权或重绘,外部参考候选：本次不公开原图；逐图授权或独立制图
XIAO-245-5-131,教材PDF裁图候选,图5-131 苏通大桥斜拉,用户已有参考PDF《桥梁结构体系》,,,内部选图；正式出版前授权或重绘,外部参考候选：本次不公开原图；逐图授权或独立制图
XIAO-246-5-134,教材PDF裁图候选,图5-134 阳光大道桥立面布置图（m）,用户已有参考PDF《桥梁结构体系》,,,内部选图；正式出版前授权或重绘,外部参考候选：本次不公开原图；逐图授权或独立制图
XIAO-246-5-135,教材PDF裁图候选,图5-135 塔梁固结体系结构简图,用户已有参考PDF《桥梁结构体系》,,,内部选图；正式出版前授权或重绘,外部参考候选：本次不公开原图；逐图授权或独立制图
XIAO-247-5-136,教材PDF裁图候选,图5-136 刚构体系结构简图 图5-137 柔性墩连续刚构体系结构简图,用户已有参考PDF《桥梁结构体系》,,,内部选图；正式出版前授权或重绘,外部参考候选：本次不公开原图；逐图授权或独立制图
XIAO-247-5-138,教材PDF裁图候选,图5-138 卢纳桥立面布置图（m）,用户已有参考PDF《桥梁结构体系》,,,内部选图；正式出版前授权或重绘,外部参考候选：本次不公开原图；逐图授权或独立制图
XIAO-247-5-139,教材PDF裁图候选,图5-139 南岸索塔及其基础 图5-140 主梁标准节段断面图,用户已有参考PDF《桥梁结构体系》,,,内部选图；正式出版前授权或重绘,外部参考候选：本次不公开原图；逐图授权或独立制图
XIAO-248-5-141,教材PDF裁图候选,图5-141 塞塞勒桥,用户已有参考PDF《桥梁结构体系》,,,内部选图；正式出版前授权或重绘,外部参考候选：本次不公开原图；逐图授权或独立制图
XIAO-248-5-142,教材PDF裁图候选,图5-142 立面布置及主梁、索塔构造图（m）,用户已有参考PDF《桥梁结构体系》,,,内部选图；正式出版前授权或重绘,外部参考候选：本次不公开原图；逐图授权或独立制图
XIAO-248-5-143,教材PDF裁图候选,图5-143 主梁竖向支座,用户已有参考PDF《桥梁结构体系》,,,内部选图；正式出版前授权或重绘,外部参考候选：本次不公开原图；逐图授权或独立制图
XIAO-249-5-144,教材PDF裁图候选,图5-144 主梁顶推施工示意图,用户已有参考PDF《桥梁结构体系》,,,内部选图；正式出版前授权或重绘,外部参考候选：本次不公开原图；逐图授权或独立制图
XIAO-249-5-145,教材PDF裁图候选,图5-145 东亨廷顿桥总体布置图(m),用户已有参考PDF《桥梁结构体系》,,,内部选图；正式出版前授权或重绘,外部参考候选：本次不公开原图；逐图授权或独立制图
XIAO-250-5-146,教材PDF裁图候选,图5-146 斜拉与连续梁悬臂部分连接处构造图,用户已有参考PDF《桥梁结构体系》,,,内部选图；正式出版前授权或重绘,外部参考候选：本次不公开原图；逐图授权或独立制图
XIAO-250-5-147,教材PDF裁图候选,图5-147 弗雷德·哈特曼桥及其索塔,用户已有参考PDF《桥梁结构体系》,,,内部选图；正式出版前授权或重绘,外部参考候选：本次不公开原图；逐图授权或独立制图
XIAO-250-5-148,教材PDF裁图候选,图5-148 弗雷德·哈特曼桥立面布置图(m),用户已有参考PDF《桥梁结构体系》,,,内部选图；正式出版前授权或重绘,外部参考候选：本次不公开原图；逐图授权或独立制图
XIAO-251-5-149,教材PDF裁图候选,图5-149 不同形式索塔在侧向荷载作用下受力简图,用户已有参考PDF《桥梁结构体系》,,,内部选图；正式出版前授权或重绘,外部参考候选：本次不公开原图；逐图授权或独立制图
XIAO-251-5-150,教材PDF裁图候选,图5-150 组合断面应力分布示意图,用户已有参考PDF《桥梁结构体系》,,,内部选图；正式出版前授权或重绘,外部参考候选：本次不公开原图；逐图授权或独立制图
XIAO-251-5-151,教材PDF裁图候选,图5-151 日见桥,用户已有参考PDF《桥梁结构体系》,,,内部选图；正式出版前授权或重绘,外部参考候选：本次不公开原图；逐图授权或独立制图
XIAO-252-5-152,教材PDF裁图候选,图5-152 日见桥立面布置图(mm),用户已有参考PDF《桥梁结构体系》,,,内部选图；正式出版前授权或重绘,外部参考候选：本次不公开原图；逐图授权或独立制图
XIAO-252-5-153,教材PDF裁图候选,图5-153 波形钢腹板主梁与体外预应力索(mm),用户已有参考PDF《桥梁结构体系》,,,内部选图；正式出版前授权或重绘,外部参考候选：本次不公开原图；逐图授权或独立制图
XIAO-252-5-154,教材PDF裁图候选,图5-154 拉索锚固端及钢横梁构造 图5-155 1/2 实体模型试验,用户已有参考PDF《桥梁结构体系》,,,内部选图；正式出版前授权或重绘,外部参考候选：本次不公开原图；逐图授权或独立制图
XIAO-254-6-1,教材PDF裁图候选,图6-1 无桥面系吊桥,用户已有参考PDF《桥梁结构体系》,,,内部选图；正式出版前授权或重绘,外部参考候选：本次不公开原图；逐图授权或独立制图
XIAO-254-6-2,教材PDF裁图候选,图6-2 有桥面系吊桥受力图示,用户已有参考PDF《桥梁结构体系》,,,内部选图；正式出版前授权或重绘,外部参考候选：本次不公开原图；逐图授权或独立制图
XIAO-255-6-4,教材PDF裁图候选,图6-4 康威城堡桥,用户已有参考PDF《桥梁结构体系》,,,内部选图；正式出版前授权或重绘,外部参考候选：本次不公开原图；逐图授权或独立制图
XIAO-255-6-5,教材PDF裁图候选,图6-5 近代悬索桥受力简析,用户已有参考PDF《桥梁结构体系》,,,内部选图；正式出版前授权或重绘,外部参考候选：本次不公开原图；逐图授权或独立制图
XIAO-256-6-7,教材PDF裁图候选,图6-7 铁眼杆受力,用户已有参考PDF《桥梁结构体系》,,,内部选图；正式出版前授权或重绘,外部参考候选：本次不公开原图；逐图授权或独立制图
XIAO-256-6-8,教材PDF裁图候选,图6-8 罗布林体系,用户已有参考PDF《桥梁结构体系》,,,内部选图；正式出版前授权或重绘,外部参考候选：本次不公开原图；逐图授权或独立制图
XIAO-257-6-10,教材PDF裁图候选,图6-10 曼哈顿大桥,用户已有参考PDF《桥梁结构体系》,,,内部选图；正式出版前授权或重绘,外部参考候选：本次不公开原图；逐图授权或独立制图
XIAO-257-6-9,教材PDF裁图候选,图6-9 布鲁克林桥中的创新,用户已有参考PDF《桥梁结构体系》,,,内部选图；正式出版前授权或重绘,外部参考候选：本次不公开原图；逐图授权或独立制图
XIAO-258-6-12,教材PDF裁图候选,图6-12 多塔悬索桥,用户已有参考PDF《桥梁结构体系》,,,内部选图；正式出版前授权或重绘,外部参考候选：本次不公开原图；逐图授权或独立制图
XIAO-259-6-13,教材PDF裁图候选,图6-13 自锚式悬索桥受力,用户已有参考PDF《桥梁结构体系》,,,内部选图；正式出版前授权或重绘,外部参考候选：本次不公开原图；逐图授权或独立制图
XIAO-259-6-14,教材PDF裁图候选,图6-14 塞汶桥,用户已有参考PDF《桥梁结构体系》,,,内部选图；正式出版前授权或重绘,外部参考候选：本次不公开原图；逐图授权或独立制图
XIAO-260-6-15,教材PDF裁图候选,图6-15 斜吊杆受力,用户已有参考PDF《桥梁结构体系》,,,内部选图；正式出版前授权或重绘,外部参考候选：本次不公开原图；逐图授权或独立制图
XIAO-260-6-16,教材PDF裁图候选,图6-16 造型奇特的悬索桥,用户已有参考PDF《桥梁结构体系》,,,内部选图；正式出版前授权或重绘,外部参考候选：本次不公开原图；逐图授权或独立制图
XIAO-261-6-18,教材PDF裁图候选,图6-18 悬索桥传力路径示意图,用户已有参考PDF《桥梁结构体系》,,,内部选图；正式出版前授权或重绘,外部参考候选：本次不公开原图；逐图授权或独立制图
XIAO-262-6-19,教材PDF裁图候选,图6-19 桥塔受力图,用户已有参考PDF《桥梁结构体系》,,,内部选图；正式出版前授权或重绘,外部参考候选：本次不公开原图；逐图授权或独立制图
XIAO-263-6-21,教材PDF裁图候选,图6-21 重力式锚碇整体受力图,用户已有参考PDF《桥梁结构体系》,,,内部选图；正式出版前授权或重绘,外部参考候选：本次不公开原图；逐图授权或独立制图
XIAO-264-6-23,教材PDF裁图候选,"图6-23 鞍座腹板的两种布置方式[4, 5]",用户已有参考PDF《桥梁结构体系》,,,内部选图；正式出版前授权或重绘,外部参考候选：本次不公开原图；逐图授权或独立制图
XIAO-265-6-24,教材PDF裁图候选,图6-24 散索鞍座构造图,用户已有参考PDF《桥梁结构体系》,,,内部选图；正式出版前授权或重绘,外部参考候选：本次不公开原图；逐图授权或独立制图
XIAO-266-6-26,教材PDF裁图候选,图6-26 桥塔自由长度,用户已有参考PDF《桥梁结构体系》,,,内部选图；正式出版前授权或重绘,外部参考候选：本次不公开原图；逐图授权或独立制图
XIAO-266-6-27,教材PDF裁图候选,图6-27 立面布置图,用户已有参考PDF《桥梁结构体系》,,,内部选图；正式出版前授权或重绘,外部参考候选：本次不公开原图；逐图授权或独立制图
XIAO-267-6-28,教材PDF裁图候选,图6-28 不同塔底约束形式的挠度曲线,用户已有参考PDF《桥梁结构体系》,,,内部选图；正式出版前授权或重绘,外部参考候选：本次不公开原图；逐图授权或独立制图
XIAO-267-6-29,教材PDF裁图候选,图6-29 悬索桥主缆布置,用户已有参考PDF《桥梁结构体系》,,,内部选图；正式出版前授权或重绘,外部参考候选：本次不公开原图；逐图授权或独立制图
XIAO-267-6-30,教材PDF裁图候选,图6-30 主缆受力,用户已有参考PDF《桥梁结构体系》,,,内部选图；正式出版前授权或重绘,外部参考候选：本次不公开原图；逐图授权或独立制图
XIAO-268-6-31,教材PDF裁图候选,图6-31 自锚式悬索桥与斜拉桥的受力对比,用户已有参考PDF《桥梁结构体系》,,,内部选图；正式出版前授权或重绘,外部参考候选：本次不公开原图；逐图授权或独立制图
XIAO-268-6-32,教材PDF裁图候选,图6-32 悬索桥计算等代图,用户已有参考PDF《桥梁结构体系》,,,内部选图；正式出版前授权或重绘,外部参考候选：本次不公开原图；逐图授权或独立制图
XIAO-269-6-34,教材PDF裁图候选,图6-34 是二者在不同跨径下的受力响应，从中可以看出主缆约束形式变化对结构受力,用户已有参考PDF《桥梁结构体系》,,,内部选图；正式出版前授权或重绘,外部参考候选：本次不公开原图；逐图授权或独立制图
XIAO-270-6-35,教材PDF裁图候选,图6-35 一阶竖向反对称频率,用户已有参考PDF《桥梁结构体系》,,,内部选图；正式出版前授权或重绘,外部参考候选：本次不公开原图；逐图授权或独立制图
XIAO-271-6-36,教材PDF裁图候选,图6-36 中央扣悬索桥[7],用户已有参考PDF《桥梁结构体系》,,,内部选图；正式出版前授权或重绘,外部参考候选：本次不公开原图；逐图授权或独立制图
XIAO-271-6-37,教材PDF裁图候选,图6-37 中央扣的受力. (a)对称荷载下; (b)非对称荷载下无中央扣; (c)非对称荷载下有中央,用户已有参考PDF《桥梁结构体系》,,,内部选图；正式出版前授权或重绘,外部参考候选：本次不公开原图；逐图授权或独立制图
XIAO-272-6-38,教材PDF裁图候选,图6-38 不对称荷载作用下梁和索的变形,用户已有参考PDF《桥梁结构体系》,,,内部选图；正式出版前授权或重绘,外部参考候选：本次不公开原图；逐图授权或独立制图
XIAO-272-6-39,教材PDF裁图候选,图6-39 中央扣的转动,用户已有参考PDF《桥梁结构体系》,,,内部选图；正式出版前授权或重绘,外部参考候选：本次不公开原图；逐图授权或独立制图
XIAO-272-6-40,教材PDF裁图候选,图6-40 立面布置图,用户已有参考PDF《桥梁结构体系》,,,内部选图；正式出版前授权或重绘,外部参考候选：本次不公开原图；逐图授权或独立制图
XIAO-273-6-41,教材PDF裁图候选,图6-41 中央扣对结构受力影响,用户已有参考PDF《桥梁结构体系》,,,内部选图；正式出版前授权或重绘,外部参考候选：本次不公开原图；逐图授权或独立制图
XIAO-274-6-43,教材PDF裁图候选,图6-43 三跨连续体系主梁弯矩包络图,用户已有参考PDF《桥梁结构体系》,,,内部选图；正式出版前授权或重绘,外部参考候选：本次不公开原图；逐图授权或独立制图
XIAO-275-6-45,教材PDF裁图候选,图6-45 半跨加载下结构受力响应,用户已有参考PDF《桥梁结构体系》,,,内部选图；正式出版前授权或重绘,外部参考候选：本次不公开原图；逐图授权或独立制图
XIAO-275-6-46,教材PDF裁图候选,图6-46 塔梁无竖向支承,用户已有参考PDF《桥梁结构体系》,,,内部选图；正式出版前授权或重绘,外部参考候选：本次不公开原图；逐图授权或独立制图
XIAO-276-6-48,教材PDF裁图候选,图6-48 青马大桥,用户已有参考PDF《桥梁结构体系》,,,内部选图；正式出版前授权或重绘,外部参考候选：本次不公开原图；逐图授权或独立制图
XIAO-276-6-50,教材PDF裁图候选,图6-50 塔梁纵向连接,用户已有参考PDF《桥梁结构体系》,,,内部选图；正式出版前授权或重绘,外部参考候选：本次不公开原图；逐图授权或独立制图
XIAO-277-6-52,教材PDF裁图候选,图6-52 横向约束构造.(a)通过竖向滑动支座传递横向力构造; (b)能传递横向力和扭矩,用户已有参考PDF《桥梁结构体系》,,,内部选图；正式出版前授权或重绘,外部参考候选：本次不公开原图；逐图授权或独立制图
XIAO-278-6-53,教材PDF裁图候选,图6-53 P 作用下的杆梁组合体系,用户已有参考PDF《桥梁结构体系》,,,内部选图；正式出版前授权或重绘,外部参考候选：本次不公开原图；逐图授权或独立制图
XIAO-278-6-54,教材PDF裁图候选,图6-54 集中荷载P 作用下的主缆,用户已有参考PDF《桥梁结构体系》,,,内部选图；正式出版前授权或重绘,外部参考候选：本次不公开原图；逐图授权或独立制图
XIAO-280-6-55,教材PDF裁图候选,图6-55 边跨约束系统,用户已有参考PDF《桥梁结构体系》,,,内部选图；正式出版前授权或重绘,外部参考候选：本次不公开原图；逐图授权或独立制图
XIAO-281-6-56,教材PDF裁图候选,图6-56 边跨主缆等效弹簧,用户已有参考PDF《桥梁结构体系》,,,内部选图；正式出版前授权或重绘,外部参考候选：本次不公开原图；逐图授权或独立制图
XIAO-282-6-57,教材PDF裁图候选,图6-57 荷载分配系数α 图6-58 桥塔抗推刚度增大对刚度的影响,用户已有参考PDF《桥梁结构体系》,,,内部选图；正式出版前授权或重绘,外部参考候选：本次不公开原图；逐图授权或独立制图
XIAO-283-6-59,教材PDF裁图候选,图6-59 是三跨悬索桥总体布置简图，其中B、D 两点为主缆理论交点（IP 点），A、E,用户已有参考PDF《桥梁结构体系》,,,内部选图；正式出版前授权或重绘,外部参考候选：本次不公开原图；逐图授权或独立制图
XIAO-284-6-60,教材PDF裁图候选,图6-60 最大主缆内力,用户已有参考PDF《桥梁结构体系》,,,内部选图；正式出版前授权或重绘,外部参考候选：本次不公开原图；逐图授权或独立制图
XIAO-285-6-62,教材PDF裁图候选,图6-62 全跨满载的对称三跨悬索桥,用户已有参考PDF《桥梁结构体系》,,,内部选图；正式出版前授权或重绘,外部参考候选：本次不公开原图；逐图授权或独立制图
XIAO-286-6-63,教材PDF裁图候选,图6-63 三跨悬索桥挠度影响线 图6-64 半跨加载下l/4 处竖向挠度,用户已有参考PDF《桥梁结构体系》,,,内部选图；正式出版前授权或重绘,外部参考候选：本次不公开原图；逐图授权或独立制图
XIAO-286-6-65,教材PDF裁图候选,图6-65 自锚式悬索桥主梁跨中挠度及塔顶水平位移与垂跨比关系图,用户已有参考PDF《桥梁结构体系》,,,内部选图；正式出版前授权或重绘,外部参考候选：本次不公开原图；逐图授权或独立制图
XIAO-287-6-67,教材PDF裁图候选,图6-67 是不同边中跨比下，主缆活载水平力,用户已有参考PDF《桥梁结构体系》,,,内部选图；正式出版前授权或重绘,外部参考候选：本次不公开原图；逐图授权或独立制图
XIAO-288-6-68,教材PDF裁图候选,图6-68 主缆用钢量与垂跨比的关系,用户已有参考PDF《桥梁结构体系》,,,内部选图；正式出版前授权或重绘,外部参考候选：本次不公开原图；逐图授权或独立制图
XIAO-288-6-69,教材PDF裁图候选,图6-69 桥塔受力,用户已有参考PDF《桥梁结构体系》,,,内部选图；正式出版前授权或重绘,外部参考候选：本次不公开原图；逐图授权或独立制图
XIAO-289-6-70,教材PDF裁图候选,图6-70 桥塔用钢量,用户已有参考PDF《桥梁结构体系》,,,内部选图；正式出版前授权或重绘,外部参考候选：本次不公开原图；逐图授权或独立制图
XIAO-289-6-71,教材PDF裁图候选,图6-71 用钢量及变化率与垂跨比关系,用户已有参考PDF《桥梁结构体系》,,,内部选图；正式出版前授权或重绘,外部参考候选：本次不公开原图；逐图授权或独立制图
XIAO-290-6-72,教材PDF裁图候选,图6-72 边中跨比对主缆和主塔材料的影响,用户已有参考PDF《桥梁结构体系》,,,内部选图；正式出版前授权或重绘,外部参考候选：本次不公开原图；逐图授权或独立制图
XIAO-290-6-74,教材PDF裁图候选,图6-74 和图6-75 (a)、(b)分别是塔底弯矩、边跨主缆和主跨主缆缆力与边中跨比的关系,用户已有参考PDF《桥梁结构体系》,,,内部选图；正式出版前授权或重绘,外部参考候选：本次不公开原图；逐图授权或独立制图
XIAO-291-6-75,教材PDF裁图候选,图6-75 边中跨比对主缆缆力的影响,用户已有参考PDF《桥梁结构体系》,,,内部选图；正式出版前授权或重绘,外部参考候选：本次不公开原图；逐图授权或独立制图
XIAO-291-6-77,教材PDF裁图候选,图6-77 具有极大边跨的三跨悬索桥,用户已有参考PDF《桥梁结构体系》,,,内部选图；正式出版前授权或重绘,外部参考候选：本次不公开原图；逐图授权或独立制图
XIAO-292-6-79,教材PDF裁图候选,图6-79 是恒载下，同样跨径的三跨连续梁和悬索桥梁内弯矩对比。由于吊杆对加劲梁,用户已有参考PDF《桥梁结构体系》,,,内部选图；正式出版前授权或重绘,外部参考候选：本次不公开原图；逐图授权或独立制图
XIAO-293-6-81,教材PDF裁图候选,图6-81 加劲梁扭转,用户已有参考PDF《桥梁结构体系》,,,内部选图；正式出版前授权或重绘,外部参考候选：本次不公开原图；逐图授权或独立制图
XIAO-294-6-82,教材PDF裁图候选,图6-82 最大扭角与宽跨比的关系,用户已有参考PDF《桥梁结构体系》,,,内部选图；正式出版前授权或重绘,外部参考候选：本次不公开原图；逐图授权或独立制图
XIAO-295-6-83,教材PDF裁图候选,图6-83 自锚式悬索桥加劲梁刚度变化对内力和变形的影响,用户已有参考PDF《桥梁结构体系》,,,内部选图；正式出版前授权或重绘,外部参考候选：本次不公开原图；逐图授权或独立制图
XIAO-297-6-84,教材PDF裁图候选,图6-84 共锚式悬索桥,用户已有参考PDF《桥梁结构体系》,,,内部选图；正式出版前授权或重绘,外部参考候选：本次不公开原图；逐图授权或独立制图
XIAO-297-6-85,教材PDF裁图候选,图6-85 锚碇的整体受力,用户已有参考PDF《桥梁结构体系》,,,内部选图；正式出版前授权或重绘,外部参考候选：本次不公开原图；逐图授权或独立制图
XIAO-298-6-86,教材PDF裁图候选,图6-86 连续多跨悬索体系,用户已有参考PDF《桥梁结构体系》,,,内部选图；正式出版前授权或重绘,外部参考候选：本次不公开原图；逐图授权或独立制图
XIAO-298-6-87,教材PDF裁图候选,图6-87 多跨悬索桥加载情况,用户已有参考PDF《桥梁结构体系》,,,内部选图；正式出版前授权或重绘,外部参考候选：本次不公开原图；逐图授权或独立制图
XIAO-299-6-88,教材PDF裁图候选,图6-88 简化示意图,用户已有参考PDF《桥梁结构体系》,,,内部选图；正式出版前授权或重绘,外部参考候选：本次不公开原图；逐图授权或独立制图
XIAO-302-6-89,教材PDF裁图候选,图6-89 主跨数量与加劲梁挠度关系,用户已有参考PDF《桥梁结构体系》,,,内部选图；正式出版前授权或重绘,外部参考候选：本次不公开原图；逐图授权或独立制图
XIAO-303-6-90,教材PDF裁图候选,图6-90 活载分担比pc/pb,用户已有参考PDF《桥梁结构体系》,,,内部选图；正式出版前授权或重绘,外部参考候选：本次不公开原图；逐图授权或独立制图
XIAO-304-6-91,教材PDF裁图候选,图6-91 桥塔刚度的影响,用户已有参考PDF《桥梁结构体系》,,,内部选图；正式出版前授权或重绘,外部参考候选：本次不公开原图；逐图授权或独立制图
XIAO-305-6-92,教材PDF裁图候选,图6-92 垂跨比对结构刚度的影响,用户已有参考PDF《桥梁结构体系》,,,内部选图；正式出版前授权或重绘,外部参考候选：本次不公开原图；逐图授权或独立制图
XIAO-305-6-93,教材PDF裁图候选,图6-93 垂跨比对主缆活载水平力的影响,用户已有参考PDF《桥梁结构体系》,,,内部选图；正式出版前授权或重绘,外部参考候选：本次不公开原图；逐图授权或独立制图
XIAO-305-6-94,教材PDF裁图候选,图6-94 垂跨比对桥塔弯矩的影响,用户已有参考PDF《桥梁结构体系》,,,内部选图；正式出版前授权或重绘,外部参考候选：本次不公开原图；逐图授权或独立制图
XIAO-306-6-95,教材PDF裁图候选,图6-95 边中跨比对工况②下结构受力响应的影响,用户已有参考PDF《桥梁结构体系》,,,内部选图；正式出版前授权或重绘,外部参考候选：本次不公开原图；逐图授权或独立制图
XIAO-307-6-97,教材PDF裁图候选,图6-97 改进后的多跨悬索体系,用户已有参考PDF《桥梁结构体系》,,,内部选图；正式出版前授权或重绘,外部参考候选：本次不公开原图；逐图授权或独立制图
XIAO-308-6-100,教材PDF裁图候选,图6-100 是通过公式（6.70）~（6.74）得出的不同摩擦系数μ 下（0.15 和0.20）[28]，抗,用户已有参考PDF《桥梁结构体系》,,,内部选图；正式出版前授权或重绘,外部参考候选：本次不公开原图；逐图授权或独立制图
XIAO-309-6-100,教材PDF裁图候选,图6-100 抗滑安全系数K 与跨径的关系曲线,用户已有参考PDF《桥梁结构体系》,,,内部选图；正式出版前授权或重绘,外部参考候选：本次不公开原图；逐图授权或独立制图
XIAO-309-6-101,教材PDF裁图候选,图6-101 双缆受力简化图,用户已有参考PDF《桥梁结构体系》,,,内部选图；正式出版前授权或重绘,外部参考候选：本次不公开原图；逐图授权或独立制图
XIAO-310-6-103,教材PDF裁图候选,图6-103 加载邻跨受力简化,用户已有参考PDF《桥梁结构体系》,,,内部选图；正式出版前授权或重绘,外部参考候选：本次不公开原图；逐图授权或独立制图
XIAO-313-6-104,教材PDF裁图候选,图6-104 挠度 图6-105 塔底弯矩,用户已有参考PDF《桥梁结构体系》,,,内部选图；正式出版前授权或重绘,外部参考候选：本次不公开原图；逐图授权或独立制图
XIAO-313-6-106,教材PDF裁图候选,图6-106 恒载分配对双缆总水平力的影响,用户已有参考PDF《桥梁结构体系》,,,内部选图；正式出版前授权或重绘,外部参考候选：本次不公开原图；逐图授权或独立制图
XIAO-314-6-107,教材PDF裁图候选,图6-107 挠度 图6-108 塔底弯矩,用户已有参考PDF《桥梁结构体系》,,,内部选图；正式出版前授权或重绘,外部参考候选：本次不公开原图；逐图授权或独立制图
XIAO-314-6-109,教材PDF裁图候选,图6-109 顶、底缆垂度对总水平力的影响,用户已有参考PDF《桥梁结构体系》,,,内部选图；正式出版前授权或重绘,外部参考候选：本次不公开原图；逐图授权或独立制图
XIAO-315-6-110,教材PDF裁图候选,图6-110 桥塔刚度的影响,用户已有参考PDF《桥梁结构体系》,,,内部选图；正式出版前授权或重绘,外部参考候选：本次不公开原图；逐图授权或独立制图
XIAO-315-6-111,教材PDF裁图候选,图6-111 受力响应对比 图6-112 顶、底缆水平力变化,用户已有参考PDF《桥梁结构体系》,,,内部选图；正式出版前授权或重绘,外部参考候选：本次不公开原图；逐图授权或独立制图
XIAO-316-6-113,教材PDF裁图候选,图6-113 顶、底缆不平衡水平力,用户已有参考PDF《桥梁结构体系》,,,内部选图；正式出版前授权或重绘,外部参考候选：本次不公开原图；逐图授权或独立制图
XIAO-316-6-114,教材PDF裁图候选,图6-114 是跨径、塔高等相同的独塔和双塔悬索桥，假设主缆线形是二次抛物线，经简,用户已有参考PDF《桥梁结构体系》,,,内部选图；正式出版前授权或重绘,外部参考候选：本次不公开原图；逐图授权或独立制图
XIAO-317-6-115,教材PDF裁图候选,图6-115 广东平胜大桥,用户已有参考PDF《桥梁结构体系》,,,内部选图；正式出版前授权或重绘,外部参考候选：本次不公开原图；逐图授权或独立制图
XIAO-318-6-118,教材PDF裁图候选,图6-118 双主缆体系方案,用户已有参考PDF《桥梁结构体系》,,,内部选图；正式出版前授权或重绘,外部参考候选：本次不公开原图；逐图授权或独立制图
XIAO-319-6-120,教材PDF裁图候选,图6-120 三主缆体系方案,用户已有参考PDF《桥梁结构体系》,,,内部选图；正式出版前授权或重绘,外部参考候选：本次不公开原图；逐图授权或独立制图
XIAO-319-6-121,教材PDF裁图候选,图6-121 四主缆体系方案,用户已有参考PDF《桥梁结构体系》,,,内部选图；正式出版前授权或重绘,外部参考候选：本次不公开原图；逐图授权或独立制图
XIAO-320-6-122,教材PDF裁图候选,图6-122 索网悬索桥,用户已有参考PDF《桥梁结构体系》,,,内部选图；正式出版前授权或重绘,外部参考候选：本次不公开原图；逐图授权或独立制图
XIAO-320-6-123,教材PDF裁图候选,图6-123 直布罗陀海峡索网桥概念图,用户已有参考PDF《桥梁结构体系》,,,内部选图；正式出版前授权或重绘,外部参考候选：本次不公开原图；逐图授权或独立制图
XIAO-321-6-124,教材PDF裁图候选,图6-124 改进后的双索面网索体系,用户已有参考PDF《桥梁结构体系》,,,内部选图；正式出版前授权或重绘,外部参考候选：本次不公开原图；逐图授权或独立制图
XIAO-321-6-125,教材PDF裁图候选,图6-125 混合双悬臂斜拉－悬索体系结构,用户已有参考PDF《桥梁结构体系》,,,内部选图；正式出版前授权或重绘,外部参考候选：本次不公开原图；逐图授权或独立制图
XIAO-321-6-126,教材PDF裁图候选,图6-126 罗布林体系受力,用户已有参考PDF《桥梁结构体系》,,,内部选图；正式出版前授权或重绘,外部参考候选：本次不公开原图；逐图授权或独立制图
XIAO-322-6-127,教材PDF裁图候选,图6-127 “负斜拉索”组合索面,用户已有参考PDF《桥梁结构体系》,,,内部选图；正式出版前授权或重绘,外部参考候选：本次不公开原图；逐图授权或独立制图
XIAO-322-6-128,教材PDF裁图候选,图6-128 斜拉——悬索协作体系,用户已有参考PDF《桥梁结构体系》,,,内部选图；正式出版前授权或重绘,外部参考候选：本次不公开原图；逐图授权或独立制图
XIAO-323-6-129,教材PDF裁图候选,图6-129 为COWI 公司曾提出的直布罗陀海峡通,用户已有参考PDF《桥梁结构体系》,,,内部选图；正式出版前授权或重绘,外部参考候选：本次不公开原图；逐图授权或独立制图
XIAO-323-6-130,教材PDF裁图候选,图6-130 空间斜拉索面斜拉－悬索体系,用户已有参考PDF《桥梁结构体系》,,,内部选图；正式出版前授权或重绘,外部参考候选：本次不公开原图；逐图授权或独立制图
XIAO-323-6-131,教材PDF裁图候选,图6-131 悬浮隧道,用户已有参考PDF《桥梁结构体系》,,,内部选图；正式出版前授权或重绘,外部参考候选：本次不公开原图；逐图授权或独立制图
XIAO-324-6-132,教材PDF裁图候选,图6-132 潜浮式倒悬索体系基本构造,用户已有参考PDF《桥梁结构体系》,,,内部选图；正式出版前授权或重绘,外部参考候选：本次不公开原图；逐图授权或独立制图
XIAO-325-6-133,教材PDF裁图候选,图6-133 大贝尔特东桥,用户已有参考PDF《桥梁结构体系》,,,内部选图；正式出版前授权或重绘,外部参考候选：本次不公开原图；逐图授权或独立制图
XIAO-325-6-134,教材PDF裁图候选,图6-134 大贝尔特桥立面布置图（m）,用户已有参考PDF《桥梁结构体系》,,,内部选图；正式出版前授权或重绘,外部参考候选：本次不公开原图；逐图授权或独立制图
XIAO-325-6-135,教材PDF裁图候选,图6-135 加劲梁断面（m）,用户已有参考PDF《桥梁结构体系》,,,内部选图；正式出版前授权或重绘,外部参考候选：本次不公开原图；逐图授权或独立制图
XIAO-326-6-136,教材PDF裁图候选,图6-136 梁段纵向限位装置布置图（m）,用户已有参考PDF《桥梁结构体系》,,,内部选图；正式出版前授权或重绘,外部参考候选：本次不公开原图；逐图授权或独立制图
XIAO-326-6-137,教材PDF裁图候选,图6-137 三角形混凝土锚碇（m）,用户已有参考PDF《桥梁结构体系》,,,内部选图；正式出版前授权或重绘,外部参考候选：本次不公开原图；逐图授权或独立制图
XIAO-326-6-138,教材PDF裁图候选,图6-138 明石海峡桥,用户已有参考PDF《桥梁结构体系》,,,内部选图；正式出版前授权或重绘,外部参考候选：本次不公开原图；逐图授权或独立制图
XIAO-327-6-139,教材PDF裁图候选,图6-139 明石海峡桥总体布置图（m）,用户已有参考PDF《桥梁结构体系》,,,内部选图；正式出版前授权或重绘,外部参考候选：本次不公开原图；逐图授权或独立制图
XIAO-328-6-140,教材PDF裁图候选,图6-140 钢箱梁方案比较（mm）,用户已有参考PDF《桥梁结构体系》,,,内部选图；正式出版前授权或重绘,外部参考候选：本次不公开原图；逐图授权或独立制图
XIAO-328-6-141,教材PDF裁图候选,图6-141 加劲钢桁梁断面（mm）,用户已有参考PDF《桥梁结构体系》,,,内部选图；正式出版前授权或重绘,外部参考候选：本次不公开原图；逐图授权或独立制图
XIAO-329-6-142,教材PDF裁图候选,图6-142 吉首矮寨大桥全景效果,用户已有参考PDF《桥梁结构体系》,,,内部选图；正式出版前授权或重绘,外部参考候选：本次不公开原图；逐图授权或独立制图
XIAO-329-6-143,教材PDF裁图候选,图6-143 吉首矮寨大桥总体布置图（cm）,用户已有参考PDF《桥梁结构体系》,,,内部选图；正式出版前授权或重绘,外部参考候选：本次不公开原图；逐图授权或独立制图
XIAO-330-6-144,教材PDF裁图候选,图6-144 钢桁加劲梁断面图（mm）,用户已有参考PDF《桥梁结构体系》,,,内部选图；正式出版前授权或重绘,外部参考候选：本次不公开原图；逐图授权或独立制图
XIAO-330-6-145,教材PDF裁图候选,图6-145 香港青马大桥,用户已有参考PDF《桥梁结构体系》,,,内部选图；正式出版前授权或重绘,外部参考候选：本次不公开原图；逐图授权或独立制图
XIAO-331-6-146,教材PDF裁图候选,图6-146 青马大桥总体布置图（m）,用户已有参考PDF《桥梁结构体系》,,,内部选图；正式出版前授权或重绘,外部参考候选：本次不公开原图；逐图授权或独立制图
XIAO-331-6-147,教材PDF裁图候选,图6-147 青马大桥青衣侧,用户已有参考PDF《桥梁结构体系》,,,内部选图；正式出版前授权或重绘,外部参考候选：本次不公开原图；逐图授权或独立制图
XIAO-331-6-148,教材PDF裁图候选,图6-148 主梁横断面示意图,用户已有参考PDF《桥梁结构体系》,,,内部选图；正式出版前授权或重绘,外部参考候选：本次不公开原图；逐图授权或独立制图
XIAO-332-6-149,教材PDF裁图候选,图6-149 主梁立体构造示意,用户已有参考PDF《桥梁结构体系》,,,内部选图；正式出版前授权或重绘,外部参考候选：本次不公开原图；逐图授权或独立制图
XIAO-332-6-150,教材PDF裁图候选,图6-150 河床断面与典型布跨,用户已有参考PDF《桥梁结构体系》,,,内部选图；正式出版前授权或重绘,外部参考候选：本次不公开原图；逐图授权或独立制图
XIAO-333-6-151,教材PDF裁图候选,图6-151 泰州长江公路大桥方案效果图,用户已有参考PDF《桥梁结构体系》,,,内部选图；正式出版前授权或重绘,外部参考候选：本次不公开原图；逐图授权或独立制图
XIAO-333-6-152,教材PDF裁图候选,图6-152 主桥立面布置图（m）,用户已有参考PDF《桥梁结构体系》,,,内部选图；正式出版前授权或重绘,外部参考候选：本次不公开原图；逐图授权或独立制图
XIAO-334-6-153,教材PDF裁图候选,图6-153 中塔一般构造图 (cm),用户已有参考PDF《桥梁结构体系》,,,内部选图；正式出版前授权或重绘,外部参考候选：本次不公开原图；逐图授权或独立制图
XIAO-338-7-1,教材PDF裁图候选,图7-1 成桥合理受弯状态,用户已有参考PDF《桥梁结构体系》,,,内部选图；正式出版前授权或重绘,外部参考候选：本次不公开原图；逐图授权或独立制图
XIAO-339-7-2,教材PDF裁图候选,图7-2 预应力配束的目标弯矩,用户已有参考PDF《桥梁结构体系》,,,内部选图；正式出版前授权或重绘,外部参考候选：本次不公开原图；逐图授权或独立制图
XIAO-339-7-3,教材PDF裁图候选,图7-3 合理受剪状态,用户已有参考PDF《桥梁结构体系》,,,内部选图；正式出版前授权或重绘,外部参考候选：本次不公开原图；逐图授权或独立制图
XIAO-340-7-4,教材PDF裁图候选,图7-4 合理应力状态,用户已有参考PDF《桥梁结构体系》,,,内部选图；正式出版前授权或重绘,外部参考候选：本次不公开原图；逐图授权或独立制图
XIAO-341-7-5,教材PDF裁图候选,图7-5 在外荷载下截面受拉边缘应力状态走向,用户已有参考PDF《桥梁结构体系》,,,内部选图；正式出版前授权或重绘,外部参考候选：本次不公开原图；逐图授权或独立制图
XIAO-341-7-6,教材PDF裁图候选,图7-6 一期恒载与二期恒载弯矩图,用户已有参考PDF《桥梁结构体系》,,,内部选图；正式出版前授权或重绘,外部参考候选：本次不公开原图；逐图授权或独立制图
XIAO-342-7-7,教材PDF裁图候选,图7-7 中跨范围的活载效应比例分布图,用户已有参考PDF《桥梁结构体系》,,,内部选图；正式出版前授权或重绘,外部参考候选：本次不公开原图；逐图授权或独立制图
XIAO-342-7-8,教材PDF裁图候选,图7-8 梯度温度作用下三跨连续梁的弯矩分布,用户已有参考PDF《桥梁结构体系》,,,内部选图；正式出版前授权或重绘,外部参考候选：本次不公开原图；逐图授权或独立制图
XIAO-343-7-9,教材PDF裁图候选,图7-9 跨中合龙束弯矩效率示意图,用户已有参考PDF《桥梁结构体系》,,,内部选图；正式出版前授权或重绘,外部参考候选：本次不公开原图；逐图授权或独立制图
XIAO-344-7-10,教材PDF裁图候选,图7-10 悬臂浇筑连续梁桥的三个施工状态,用户已有参考PDF《桥梁结构体系》,,,内部选图；正式出版前授权或重绘,外部参考候选：本次不公开原图；逐图授权或独立制图
XIAO-345-7-11,教材PDF裁图候选,图7-11 例1 中桥梁实际成桥弯矩图与合理成桥弯矩图比较,用户已有参考PDF《桥梁结构体系》,,,内部选图；正式出版前授权或重绘,外部参考候选：本次不公开原图；逐图授权或独立制图
XIAO-346-7-12,教材PDF裁图候选,图7-12 主拱合理成桥状态的确定,用户已有参考PDF《桥梁结构体系》,,,内部选图；正式出版前授权或重绘,外部参考候选：本次不公开原图；逐图授权或独立制图
XIAO-349-7-13,教材PDF裁图候选,图7-13 合理拱轴线确定流程图,用户已有参考PDF《桥梁结构体系》,,,内部选图；正式出版前授权或重绘,外部参考候选：本次不公开原图；逐图授权或独立制图
XIAO-351-7-14,教材PDF裁图候选,图7-14 六圭河大桥立面图,用户已有参考PDF《桥梁结构体系》,,,内部选图；正式出版前授权或重绘,外部参考候选：本次不公开原图；逐图授权或独立制图
XIAO-352-7-15,教材PDF裁图候选,图7-15 迭代过程拱轴纵坐标调整量 图7-16 迭代过程偏心距比较,用户已有参考PDF《桥梁结构体系》,,,内部选图；正式出版前授权或重绘,外部参考候选：本次不公开原图；逐图授权或独立制图
XIAO-352-7-17,教材PDF裁图候选,图7-17 和图7-18 给出了拱肋内截面轴力和弯矩随迭代过程的变化情况，图中显示，在,用户已有参考PDF《桥梁结构体系》,,,内部选图；正式出版前授权或重绘,外部参考候选：本次不公开原图；逐图授权或独立制图
XIAO-353-7-17,教材PDF裁图候选,图7-17 迭代过程轴力比较 图7-18 迭代过程弯矩比较,用户已有参考PDF《桥梁结构体系》,,,内部选图；正式出版前授权或重绘,外部参考候选：本次不公开原图；逐图授权或独立制图
XIAO-361-7-19,教材PDF裁图候选,图7-19 计算流程图,用户已有参考PDF《桥梁结构体系》,,,内部选图；正式出版前授权或重绘,外部参考候选：本次不公开原图；逐图授权或独立制图
XIAO-363-7-21,教材PDF裁图候选,图7-21 苏通长江大桥初步设计斜拉桥方案布置图 （单位：cm）,用户已有参考PDF《桥梁结构体系》,,,内部选图；正式出版前授权或重绘,外部参考候选：本次不公开原图；逐图授权或独立制图
XIAO-364-7-22,教材PDF裁图候选,图7-22 一次落架状态弯矩图 （单位：t·m）,用户已有参考PDF《桥梁结构体系》,,,内部选图；正式出版前授权或重绘,外部参考候选：本次不公开原图；逐图授权或独立制图
XIAO-364-7-23,教材PDF裁图候选,图7-23 优化状态弯矩图 （单位：t·m）,用户已有参考PDF《桥梁结构体系》,,,内部选图；正式出版前授权或重绘,外部参考候选：本次不公开原图；逐图授权或独立制图
XIAO-364-7-24,教材PDF裁图候选,图7-24 优化状态索力图 （单位：t）,用户已有参考PDF《桥梁结构体系》,,,内部选图；正式出版前授权或重绘,外部参考候选：本次不公开原图；逐图授权或独立制图
XIAO-365-7-25,教材PDF裁图候选,图7-25 成桥合理状态索力图 （单位：t）,用户已有参考PDF《桥梁结构体系》,,,内部选图；正式出版前授权或重绘,外部参考候选：本次不公开原图；逐图授权或独立制图
XIAO-365-7-26,教材PDF裁图候选,图7-26 成桥合理状态弯矩图 （单位：t·m）,用户已有参考PDF《桥梁结构体系》,,,内部选图；正式出版前授权或重绘,外部参考候选：本次不公开原图；逐图授权或独立制图
XIAO-366-7-27,教材PDF裁图候选,图7-27 为一索段微元的隔离体，其中H 和Q 分别为索段截面上切向拉力T 的水平和,用户已有参考PDF《桥梁结构体系》,,,内部选图；正式出版前授权或重绘,外部参考候选：本次不公开原图；逐图授权或独立制图
XIAO-367-7-28,教材PDF裁图候选,图7-28 两端不等高抛物线,用户已有参考PDF《桥梁结构体系》,,,内部选图；正式出版前授权或重绘,外部参考候选：本次不公开原图；逐图授权或独立制图
XIAO-370-7-29,教材PDF裁图候选,图7-29 基于荷载态的索段的端点力和坐标,用户已有参考PDF《桥梁结构体系》,,,内部选图；正式出版前授权或重绘,外部参考候选：本次不公开原图；逐图授权或独立制图
XIAO-371-7-30,教材PDF裁图候选,图7-30 基于索原长的悬链线索单元,用户已有参考PDF《桥梁结构体系》,,,内部选图；正式出版前授权或重绘,外部参考候选：本次不公开原图；逐图授权或独立制图
XIAO-374-7-31,教材PDF裁图候选,图7-31 中跨计算图式,用户已有参考PDF《桥梁结构体系》,,,内部选图；正式出版前授权或重绘,外部参考候选：本次不公开原图；逐图授权或独立制图
XIAO-375-7-33,教材PDF裁图候选,图7-33 空缆状态计算流程,用户已有参考PDF《桥梁结构体系》,,,内部选图；正式出版前授权或重绘,外部参考候选：本次不公开原图；逐图授权或独立制图
XIAO-377-7-34,教材PDF裁图候选,图7-34 江阴长江大桥计算图式（m）,用户已有参考PDF《桥梁结构体系》,,,内部选图；正式出版前授权或重绘,外部参考候选：本次不公开原图；逐图授权或独立制图
XIAO-377-7-35,教材PDF裁图候选,图7-35 加劲梁断面图（mm）,用户已有参考PDF《桥梁结构体系》,,,内部选图；正式出版前授权或重绘,外部参考候选：本次不公开原图；逐图授权或独立制图
XIAO-379-7-36,教材PDF裁图候选,图7-36 给出了加劲梁在一、二期恒载作用下的弯矩图，包括加劲梁铰接和刚接时的情,用户已有参考PDF《桥梁结构体系》,,,内部选图；正式出版前授权或重绘,外部参考候选：本次不公开原图；逐图授权或独立制图
XIAO-381-8-1,教材PDF裁图候选,图8-1 天兴洲大桥 图8-2 青马大桥,用户已有参考PDF《桥梁结构体系》,,,内部选图；正式出版前授权或重绘,外部参考候选：本次不公开原图；逐图授权或独立制图
XIAO-381-8-3,教材PDF裁图候选,图8-3 拱桥结构体系,用户已有参考PDF《桥梁结构体系》,,,内部选图；正式出版前授权或重绘,外部参考候选：本次不公开原图；逐图授权或独立制图
XIAO-382-8-4,教材PDF裁图候选,图8-4 广东省虎门二桥方案,用户已有参考PDF《桥梁结构体系》,,,内部选图；正式出版前授权或重绘,外部参考候选：本次不公开原图；逐图授权或独立制图
XIAO-382-8-5,教材PDF裁图候选,图8-5 广州琶洲珠江大桥,用户已有参考PDF《桥梁结构体系》,,,内部选图；正式出版前授权或重绘,外部参考候选：本次不公开原图；逐图授权或独立制图
XIAO-383-8-6,教材PDF裁图候选,图8-6 肇庆金马大桥,用户已有参考PDF《桥梁结构体系》,,,内部选图；正式出版前授权或重绘,外部参考候选：本次不公开原图；逐图授权或独立制图
XIAO-383-8-7,教材PDF裁图候选,图8-7 Sunniberg 桥,用户已有参考PDF《桥梁结构体系》,,,内部选图；正式出版前授权或重绘,外部参考候选：本次不公开原图；逐图授权或独立制图
XIAO-384-8-8,教材PDF裁图候选,图8-8 宁波院士路桥方案效果图,用户已有参考PDF《桥梁结构体系》,,,内部选图；正式出版前授权或重绘,外部参考候选：本次不公开原图；逐图授权或独立制图
XIAO-384-8-9,教材PDF裁图候选,图8-9 斜拉悬索协作体系示意图,用户已有参考PDF《桥梁结构体系》,,,内部选图；正式出版前授权或重绘,外部参考候选：本次不公开原图；逐图授权或独立制图
XIAO-385-8-10,教材PDF裁图候选,图8-10 广东省虎门二桥方案,用户已有参考PDF《桥梁结构体系》,,,内部选图；正式出版前授权或重绘,外部参考候选：本次不公开原图；逐图授权或独立制图
XIAO-385-8-11,教材PDF裁图候选,图8-11 神•绍加拉桥 图8-12 湘江四桥,用户已有参考PDF《桥梁结构体系》,,,内部选图；正式出版前授权或重绘,外部参考候选：本次不公开原图；逐图授权或独立制图
XIAO-386-8-13,教材PDF裁图候选,图8-13 菜园坝大桥,用户已有参考PDF《桥梁结构体系》,,,内部选图；正式出版前授权或重绘,外部参考候选：本次不公开原图；逐图授权或独立制图
XIAO-386-8-14,教材PDF裁图候选,图8-14 菜园坝大桥结构体系示意图,用户已有参考PDF《桥梁结构体系》,,,内部选图；正式出版前授权或重绘,外部参考候选：本次不公开原图；逐图授权或独立制图
XIAO-387-8-15,教材PDF裁图候选,图8-15 主梁的分变换I,用户已有参考PDF《桥梁结构体系》,,,内部选图；正式出版前授权或重绘,外部参考候选：本次不公开原图；逐图授权或独立制图
XIAO-387-8-16,教材PDF裁图候选,图8-16 主梁的分变换II,用户已有参考PDF《桥梁结构体系》,,,内部选图；正式出版前授权或重绘,外部参考候选：本次不公开原图；逐图授权或独立制图
XIAO-388-8-17,教材PDF裁图候选,图8-17 主拱的分散化,用户已有参考PDF《桥梁结构体系》,,,内部选图；正式出版前授权或重绘,外部参考候选：本次不公开原图；逐图授权或独立制图
XIAO-388-8-18,教材PDF裁图候选,图8-18 双拱肋拱桥的合变换,用户已有参考PDF《桥梁结构体系》,,,内部选图；正式出版前授权或重绘,外部参考候选：本次不公开原图；逐图授权或独立制图
XIAO-389-8-20,教材PDF裁图候选,图8-20 单拱肋拱桥的分变换,用户已有参考PDF《桥梁结构体系》,,,内部选图；正式出版前授权或重绘,外部参考候选：本次不公开原图；逐图授权或独立制图
XIAO-390-8-21,教材PDF裁图候选,图8-21 Gyopo 桥效果图 图8-22 Gyopo 桥系杆设置示意图,用户已有参考PDF《桥梁结构体系》,,,内部选图；正式出版前授权或重绘,外部参考候选：本次不公开原图；逐图授权或独立制图
XIAO-390-8-23,教材PDF裁图候选,图8-23 索塔横向形式,用户已有参考PDF《桥梁结构体系》,,,内部选图；正式出版前授权或重绘,外部参考候选：本次不公开原图；逐图授权或独立制图
XIAO-390-8-25,教材PDF裁图候选,图8-25 韩国Sepoong 桥,用户已有参考PDF《桥梁结构体系》,,,内部选图；正式出版前授权或重绘,外部参考候选：本次不公开原图；逐图授权或独立制图
XIAO-391-8-26,教材PDF裁图候选,图8- 26 分离出副塔柱的桥梁,用户已有参考PDF《桥梁结构体系》,,,内部选图；正式出版前授权或重绘,外部参考候选：本次不公开原图；逐图授权或独立制图
XIAO-391-8-27,教材PDF裁图候选,图8-27 异型塔形式,用户已有参考PDF《桥梁结构体系》,,,内部选图；正式出版前授权或重绘,外部参考候选：本次不公开原图；逐图授权或独立制图
XIAO-391-8-28,教材PDF裁图候选,图8-28 奥克兰海湾大桥主塔截面与剪力连接件,用户已有参考PDF《桥梁结构体系》,,,内部选图；正式出版前授权或重绘,外部参考候选：本次不公开原图；逐图授权或独立制图
XIAO-392-8-29,教材PDF裁图候选,图8-29 单薄壁墩刚构桥 图8-30 双薄壁墩刚构桥,用户已有参考PDF《桥梁结构体系》,,,内部选图；正式出版前授权或重绘,外部参考候选：本次不公开原图；逐图授权或独立制图
XIAO-392-8-31,教材PDF裁图候选,图8-31 V 形墩刚构桥,用户已有参考PDF《桥梁结构体系》,,,内部选图；正式出版前授权或重绘,外部参考候选：本次不公开原图；逐图授权或独立制图
XIAO-392-8-32,教材PDF裁图候选,图8-32 斜拉桥索面形式,用户已有参考PDF《桥梁结构体系》,,,内部选图；正式出版前授权或重绘,外部参考候选：本次不公开原图；逐图授权或独立制图
XIAO-393-8-33,教材PDF裁图候选,图8-33 辐射形和竖琴形斜拉桥缆索体系对比,用户已有参考PDF《桥梁结构体系》,,,内部选图；正式出版前授权或重绘,外部参考候选：本次不公开原图；逐图授权或独立制图
XIAO-393-8-34,教材PDF裁图候选,图8-34 韩国Geogeum 桥,用户已有参考PDF《桥梁结构体系》,,,内部选图；正式出版前授权或重绘,外部参考候选：本次不公开原图；逐图授权或独立制图
XIAO-393-8-35,教材PDF裁图候选,图8-35 旧金山奥克兰海湾大桥,用户已有参考PDF《桥梁结构体系》,,,内部选图；正式出版前授权或重绘,外部参考候选：本次不公开原图；逐图授权或独立制图
XIAO-394-8-36,教材PDF裁图候选,图8-36 墨西拿海峡桥效果图 图8-37 墨西拿海湾桥主缆方案,用户已有参考PDF《桥梁结构体系》,,,内部选图；正式出版前授权或重绘,外部参考候选：本次不公开原图；逐图授权或独立制图
XIAO-394-8-38,教材PDF裁图候选,图8-38 嘉陵江朝阳桥,用户已有参考PDF《桥梁结构体系》,,,内部选图；正式出版前授权或重绘,外部参考候选：本次不公开原图；逐图授权或独立制图
XIAO-395-8-39,教材PDF裁图候选,图8-39 两铰拱桥,用户已有参考PDF《桥梁结构体系》,,,内部选图；正式出版前授权或重绘,外部参考候选：本次不公开原图；逐图授权或独立制图
XIAO-396-8-41,教材PDF裁图候选,图8-41 转体施工自锚悬索桥体系示意图,用户已有参考PDF《桥梁结构体系》,,,内部选图；正式出版前授权或重绘,外部参考候选：本次不公开原图；逐图授权或独立制图
XIAO-396-8-42,教材PDF裁图候选,图8-42 拱梁固结与拱梁铰接主梁弯矩对比,用户已有参考PDF《桥梁结构体系》,,,内部选图；正式出版前授权或重绘,外部参考候选：本次不公开原图；逐图授权或独立制图
XIAO-396-8-43,教材PDF裁图候选,图8-43 辅助索示意图,用户已有参考PDF《桥梁结构体系》,,,内部选图；正式出版前授权或重绘,外部参考候选：本次不公开原图；逐图授权或独立制图
XIAO-397-8-44,教材PDF裁图候选,图8-44 多塔斜拉桥缆索体系受力示意图,用户已有参考PDF《桥梁结构体系》,,,内部选图；正式出版前授权或重绘,外部参考候选：本次不公开原图；逐图授权或独立制图
XIAO-397-8-45,教材PDF裁图候选,图8-45 交叉索面多塔斜拉桥,用户已有参考PDF《桥梁结构体系》,,,内部选图；正式出版前授权或重绘,外部参考候选：本次不公开原图；逐图授权或独立制图
XIAO-397-8-46,教材PDF裁图候选,图8-46 采用辅助索的多塔斜拉桥,用户已有参考PDF《桥梁结构体系》,,,内部选图；正式出版前授权或重绘,外部参考候选：本次不公开原图；逐图授权或独立制图
XIAO-398-8-47,教材PDF裁图候选,图8-47 塔卡维尔桥,用户已有参考PDF《桥梁结构体系》,,,内部选图；正式出版前授权或重绘,外部参考候选：本次不公开原图；逐图授权或独立制图
XIAO-398-8-48,教材PDF裁图候选,图8-48 塔克马桥,用户已有参考PDF《桥梁结构体系》,,,内部选图；正式出版前授权或重绘,外部参考候选：本次不公开原图；逐图授权或独立制图
XIAO-399-8-49,教材PDF裁图候选,图8-49 “负斜拉索”方案,用户已有参考PDF《桥梁结构体系》,,,内部选图；正式出版前授权或重绘,外部参考候选：本次不公开原图；逐图授权或独立制图
XIAO-401-8-50,教材PDF裁图候选,图8-50 缆索承重桥梁体系构思－双塔体系,用户已有参考PDF《桥梁结构体系》,,,内部选图；正式出版前授权或重绘,外部参考候选：本次不公开原图；逐图授权或独立制图
XIAO-402-8-51,教材PDF裁图候选,图8-51 缆索承重桥梁体系构思－多塔体系,用户已有参考PDF《桥梁结构体系》,,,内部选图；正式出版前授权或重绘,外部参考候选：本次不公开原图；逐图授权或独立制图
XIAO-402-8-52,教材PDF裁图候选,图8-52 缆索承重桥梁体系构思－自组合共锚体系,用户已有参考PDF《桥梁结构体系》,,,内部选图；正式出版前授权或重绘,外部参考候选：本次不公开原图；逐图授权或独立制图
XIAO-402-8-53,教材PDF裁图候选,图8-53 缆索承重桥梁体系构思－互组合共锚体系,用户已有参考PDF《桥梁结构体系》,,,内部选图；正式出版前授权或重绘,外部参考候选：本次不公开原图；逐图授权或独立制图
H:2,论文截取候选,昂船洲桥桥面导流板设置前后的绕流对比（CFD示意）,"M. C. H. Hui, HKIE Transactions 2013, Figure 2 (PDF第2页)",https://hkie.org.hk/hkietransactions/upload/2019-01-22/Full_bridge_aeroelastic_model_wind_tunnel_tests_for_the_Stonecutters_Bridge.pdf,Michael C. H. Hui,参考选图；正式使用须核查授权，保留原作者署名,外部参考候选：本次不公开原图；逐图授权或独立制图
H:3,论文截取候选,昂船洲桥全桥气弹模型风洞试验照片,"M. C. H. Hui, HKIE Transactions 2013, Figure 3 (PDF第3页)",https://hkie.org.hk/hkietransactions/upload/2019-01-22/Full_bridge_aeroelastic_model_wind_tunnel_tests_for_the_Stonecutters_Bridge.pdf,Michael C. H. Hui,参考选图；正式使用须核查授权，保留原作者署名,外部参考候选：本次不公开原图；逐图授权或独立制图
WC-102169226,Commons网上候选,Structural model of SARS-CoV-2 infection - Oo 422117.png,Wikimedia Commons,https://commons.wikimedia.org/wiki/File:Structural_model_of_SARS-CoV-2_infection_-_Oo_422117.png,Victor Padilla-Sanchez,CC BY 4.0,外部参考候选：本次不公开原图；逐图授权或独立制图
WC-105132566,Commons网上候选,The artistry of the cell spanning 50 years (51072145036).jpg,Wikimedia Commons,https://commons.wikimedia.org/wiki/File:The_artistry_of_the_cell_spanning_50_years_(51072145036).jpg,"Steve Jurvetson from Los Altos, USA",CC BY 2.0,外部参考候选：本次不公开原图；逐图授权或独立制图
WC-10654536,Commons网上候选,Sutong Bridge.jpg,Wikimedia Commons,https://commons.wikimedia.org/wiki/File:Sutong_Bridge.jpg,ANR2008,CC BY 2.0,外部参考候选：本次不公开原图；逐图授权或独立制图
WC-109742206,Commons网上候选,Earthquake damage - bridge over Styx River.jpg,Wikimedia Commons,https://commons.wikimedia.org/wiki/File:Earthquake_damage_-_bridge_over_Styx_River.jpg,Martin Luff,CC BY-SA 2.0,外部参考候选：本次不公开原图；逐图授权或独立制图
WC-112296967,Commons网上候选,Standard Normal Distribution.svg,Wikimedia Commons,https://commons.wikimedia.org/wiki/File:Standard_Normal_Distribution.svg,D Wells,CC BY-SA 4.0,外部参考候选：本次不公开原图；逐图授权或独立制图
WC-114234952,Commons网上候选,Millau 00 0238.jpg,Wikimedia Commons,https://commons.wikimedia.org/wiki/File:Millau_00_0238.jpg,W. Bulach,CC BY-SA 4.0,外部参考候选：本次不公开原图；逐图授权或独立制图
WC-114956091,Commons网上候选,Calumpit railway station construction sites Bridges 14.jpg,Wikimedia Commons,https://commons.wikimedia.org/wiki/File:Calumpit_railway_station_construction_sites_Bridges_14.jpg,FBenjr123,CC BY-SA 4.0,外部参考候选：本次不公开原图；逐图授权或独立制图
WC-11571142,Commons网上候选,Roulette martingale sim.svg,Wikimedia Commons,https://commons.wikimedia.org/wiki/File:Roulette_martingale_sim.svg,Erzbischof,CC BY-SA 3.0,外部参考候选：本次不公开原图；逐图授权或独立制图
WC-116893761,Commons网上候选,Spalling concrete on the pier columns.jpg,Wikimedia Commons,https://commons.wikimedia.org/wiki/File:Spalling_concrete_on_the_pier_columns.jpg,OregonDOT,CC BY 2.0,外部参考候选：本次不公开原图；逐图授权或独立制图
WC-118018511,Commons网上候选,"Nová lávka v Nymburce, 2022 (07).jpg",Wikimedia Commons,"https://commons.wikimedia.org/wiki/File:Nov%C3%A1_l%C3%A1vka_v_Nymburce,_2022_(07).jpg",Draceane,CC BY-SA 4.0,外部参考候选：本次不公开原图；逐图授权或独立制图
WC-118150799,Commons网上候选,The Millau Viaduct (2714080736).jpg,Wikimedia Commons,https://commons.wikimedia.org/wiki/File:The_Millau_Viaduct_(2714080736).jpg,"FaceMePLS from The Hague, The Netherlands",CC BY 2.0,外部参考候选：本次不公开原图；逐图授权或独立制图
WC-118167844,Commons网上候选,Ordnance Survey bench-mark on canal bridge - geograph.org.uk - 3543488.jpg,Wikimedia Commons,https://commons.wikimedia.org/wiki/File:Ordnance_Survey_bench-mark_on_canal_bridge_-_geograph.org.uk_-_3543488.jpg,Shantavira,CC BY-SA 2.0,外部参考候选：本次不公开原图；逐图授权或独立制图
WC-120420888,Commons网上候选,SC 337245 - S Sgt. Robert E. Sause with a engr. construction outfit about to take a level at the sighting position where he will survey for the construction of a new bailey bridge over the Reno River. (52211107088).jpg,Wikimedia Commons,https://commons.wikimedia.org/wiki/File:SC_337245_-_S_Sgt._Robert_E._Sause_with_a_engr._construction_outfit_about_to_take_a_level_at_the_sighting_position_where_he_will_survey_for_the_construction_of_a_new_bailey_bridge_over_the_Reno_River._(52211107088).jpg,Signal Corps Archive from United States,Public domain,外部参考候选：本次不公开原图；逐图授权或独立制图
WC-120952787,Commons网上候选,Validation and calibration of finite element model of forces in wingwalls - final report - DPLA - d65ca8c4dddbb7dbb70d09ddf87e6b4d (page 1).jpg,Wikimedia Commons,https://commons.wikimedia.org/wiki/File:Validation_and_calibration_of_finite_element_model_of_forces_in_wingwalls_-_final_report_-_DPLA_-_d65ca8c4dddbb7dbb70d09ddf87e6b4d_(page_1).jpg,"Nusairat, Jamal",Public domain,外部参考候选：本次不公开原图；逐图授权或独立制图
WC-122522395,Commons网上候选,Russky Bridge 2022-08.jpg,Wikimedia Commons,https://commons.wikimedia.org/wiki/File:Russky_Bridge_2022-08.jpg,Svetlov Artem,CC0,外部参考候选：本次不公开原图；逐图授权或独立制图
WC-123246655,Commons网上候选,Peeks through the Stonecutters Bridge in June 2022.jpg,Wikimedia Commons,https://commons.wikimedia.org/wiki/File:Peeks_through_the_Stonecutters_Bridge_in_June_2022.jpg,Jason Kwok,CC BY-SA 4.0,外部参考候选：本次不公开原图；逐图授权或独立制图
WC-12443499,Commons网上候选,Stonecutters Bridge night view-2.jpg,Wikimedia Commons,https://commons.wikimedia.org/wiki/File:Stonecutters_Bridge_night_view-2.jpg,Edward Wong from Hong Kong,CC BY-SA 2.0,外部参考候选：本次不公开原图；逐图授权或独立制图
WC-127167162,Commons网上候选,Cable stayed suspension bridge study.png,Wikimedia Commons,https://commons.wikimedia.org/wiki/File:Cable_stayed_suspension_bridge_study.png,"Arturo Pascuzzo, Paolo Lonetti",CC BY 4.0,外部参考候选：本次不公开原图；逐图授权或独立制图
WC-128110781,Commons网上候选,ScotRail Class 170 Forth Bridge.jpg,Wikimedia Commons,https://commons.wikimedia.org/wiki/File:ScotRail_Class_170_Forth_Bridge.jpg,Kabelleger / David Gubler,CC BY-SA 4.0,外部参考候选：本次不公开原图；逐图授权或独立制图
WC-130167464,Commons网上候选,Puente chacao 03-2023.jpg,Wikimedia Commons,https://commons.wikimedia.org/wiki/File:Puente_chacao_03-2023.jpg,Jackripper11,CC BY-SA 4.0,外部参考候选：本次不公开原图；逐图授权或独立制图
WC-130169734,Commons网上候选,Pilar sur puente chacao 03-2023.jpg,Wikimedia Commons,https://commons.wikimedia.org/wiki/File:Pilar_sur_puente_chacao_03-2023.jpg,Jackripper11,CC BY-SA 4.0,外部参考候选：本次不公开原图；逐图授权或独立制图
WC-138071489,Commons网上候选,The three Forth Bridges - geograph.org.uk - 5475435.jpg,Wikimedia Commons,https://commons.wikimedia.org/wiki/File:The_three_Forth_Bridges_-_geograph.org.uk_-_5475435.jpg,Gareth James,CC BY-SA 2.0,外部参考候选：本次不公开原图；逐图授权或独立制图
WC-138572035,Commons网上候选,The three Forth Bridges - geograph.org.uk - 5518640.jpg,Wikimedia Commons,https://commons.wikimedia.org/wiki/File:The_three_Forth_Bridges_-_geograph.org.uk_-_5518640.jpg,David Purchase,CC BY-SA 2.0,外部参考候选：本次不公开原图；逐图授权或独立制图
WC-139064294,Commons网上候选,Umi-gawa Bridge the expansion joint of the west end Hakomatsu 4-chōme Higashi-ku Fukuoka 20231012.jpg,Wikimedia Commons,https://commons.wikimedia.org/wiki/File:Umi-gawa_Bridge_the_expansion_joint_of_the_west_end_Hakomatsu_4-ch%C5%8Dme_Higashi-ku_Fukuoka_20231012.jpg,Hirho,CC BY-SA 4.0,外部参考候选：本次不公开原图；逐图授权或独立制图
WC-139064519,Commons网上候选,Umi-gawa Bridge the expansion joint of the east end Matsushima 4-chōme Higashi-ku Fukuoka 20231012.jpg,Wikimedia Commons,https://commons.wikimedia.org/wiki/File:Umi-gawa_Bridge_the_expansion_joint_of_the_east_end_Matsushima_4-ch%C5%8Dme_Higashi-ku_Fukuoka_20231012.jpg,Hirho,CC BY-SA 4.0,外部参考候选：本次不公开原图；逐图授权或独立制图
WC-145799660,Commons网上候选,"Bridge abutment damaged by the 2022 earthquake, Shiroishi city, Japan.jpg",Wikimedia Commons,"https://commons.wikimedia.org/wiki/File:Bridge_abutment_damaged_by_the_2022_earthquake,_Shiroishi_city,_Japan.jpg",Katorisi,CC BY 4.0,外部参考候选：本次不公开原图；逐图授权或独立制图
WC-146744082,Commons网上候选,Hamiltonian Monte Carlo.svg,Wikimedia Commons,https://commons.wikimedia.org/wiki/File:Hamiltonian_Monte_Carlo.svg,Justinkunimune,CC0,外部参考候选：本次不公开原图；逐图授权或独立制图
WC-146744083,Commons网上候选,Gradient descent Hamiltonian Monte Carlo comparison.svg,Wikimedia Commons,https://commons.wikimedia.org/wiki/File:Gradient_descent_Hamiltonian_Monte_Carlo_comparison.svg,Justinkunimune,CC0,外部参考候选：本次不公开原图；逐图授权或独立制图
WC-147064043,Commons网上候选,"Bounded probability distributions, compared with the normal distribution.svg",Wikimedia Commons,"https://commons.wikimedia.org/wiki/File:Bounded_probability_distributions,_compared_with_the_normal_distribution.svg",Cosmia Nebula,CC BY-SA 4.0,外部参考候选：本次不公开原图；逐图授权或独立制图
WC-148870096,Commons网上候选,Three Forth bridges - geograph.org.uk - 6392455.jpg,Wikimedia Commons,https://commons.wikimedia.org/wiki/File:Three_Forth_bridges_-_geograph.org.uk_-_6392455.jpg,Stephen Craven,CC BY-SA 2.0,外部参考候选：本次不公开原图；逐图授权或独立制图
WC-150638252,Commons网上候选,View from underneath the San Diego-Coronado bridge.jpg,Wikimedia Commons,https://commons.wikimedia.org/wiki/File:View_from_underneath_the_San_Diego-Coronado_bridge.jpg,Rsparks3,CC0,外部参考候选：本次不公开原图；逐图授权或独立制图
WC-154275522,Commons网上候选,Russky Bridge (October 2024)-0 2.jpg,Wikimedia Commons,https://commons.wikimedia.org/wiki/File:Russky_Bridge_(October_2024)-0_2.jpg,Vyacheslav Bukharov,CC BY-SA 4.0,外部参考候选：本次不公开原图；逐图授权或独立制图
WC-157536261,Commons网上候选,Clifton Suspension bridge under construction 1.jpg,Wikimedia Commons,https://commons.wikimedia.org/wiki/File:Clifton_Suspension_bridge_under_construction_1.jpg,Samuel Loxton,Public domain,外部参考候选：本次不公开原图；逐图授权或独立制图
WC-157536352,Commons网上候选,Clifton Suspension Bridge under construction c.1861.jpg,Wikimedia Commons,https://commons.wikimedia.org/wiki/File:Clifton_Suspension_Bridge_under_construction_c.1861.jpg,Samuel Loxton,Public domain,外部参考候选：本次不公开原图；逐图授权或独立制图
WC-160742057,Commons网上候选,DSC01488 Akashi-Kaikyo Bridge interfior.jpg,Wikimedia Commons,https://commons.wikimedia.org/wiki/File:DSC01488_Akashi-Kaikyo_Bridge_interfior.jpg,Anonymous,CC BY-SA 2.5,外部参考候选：本次不公开原图；逐图授权或独立制图
WC-163190060,Commons网上候选,Tacoma Narrows Bridge from Narrows Park.jpg,Wikimedia Commons,https://commons.wikimedia.org/wiki/File:Tacoma_Narrows_Bridge_from_Narrows_Park.jpg,PinchyCC,CC BY 4.0,外部参考候选：本次不公开原图；逐图授权或独立制图
WC-163531177,Commons网上候选,A Fraction of Three of the Forth Bridges - geograph.org.uk - 7545880.jpg,Wikimedia Commons,https://commons.wikimedia.org/wiki/File:A_Fraction_of_Three_of_the_Forth_Bridges_-_geograph.org.uk_-_7545880.jpg,Andy Beecroft,CC BY-SA 2.0,外部参考候选：本次不公开原图；逐图授权或独立制图
WC-163841947,Commons网上候选,Northeast Entrance Road bridge with spalling concrete (52910290724).jpg,Wikimedia Commons,https://commons.wikimedia.org/wiki/File:Northeast_Entrance_Road_bridge_with_spalling_concrete_(52910290724).jpg,YellowstoneNPS,Public domain,外部参考候选：本次不公开原图；逐图授权或独立制图
WC-16995093,Commons网上候选,Lupu Bridge over the Huangpu.jpg,Wikimedia Commons,https://commons.wikimedia.org/wiki/File:Lupu_Bridge_over_the_Huangpu.jpg,Banalities,CC BY 2.0,外部参考候选：本次不公开原图；逐图授权或独立制图
WC-170423399,Commons网上候选,"Star Mine Suspension Bridge, Rosedale, Alberta, 2025-07-13 04.jpg",Wikimedia Commons,"https://commons.wikimedia.org/wiki/File:Star_Mine_Suspension_Bridge,_Rosedale,_Alberta,_2025-07-13_04.jpg",Chris Woodrich,CC BY-SA 4.0,外部参考候选：本次不公开原图；逐图授权或独立制图
WC-170423402,Commons网上候选,"Star Mine Suspension Bridge, Rosedale, Alberta, 2025-07-13 05.jpg",Wikimedia Commons,"https://commons.wikimedia.org/wiki/File:Star_Mine_Suspension_Bridge,_Rosedale,_Alberta,_2025-07-13_05.jpg",Chris Woodrich,CC BY-SA 4.0,外部参考候选：本次不公开原图；逐图授权或独立制图
WC-170423408,Commons网上候选,"Star Mine Suspension Bridge, Rosedale, Alberta, 2025-07-13 10.jpg",Wikimedia Commons,"https://commons.wikimedia.org/wiki/File:Star_Mine_Suspension_Bridge,_Rosedale,_Alberta,_2025-07-13_10.jpg",Chris Woodrich,CC BY-SA 4.0,外部参考候选：本次不公开原图；逐图授权或独立制图
WC-172564479,Commons网上候选,20250801 082601 Bridge expansion joints 02.jpg,Wikimedia Commons,https://commons.wikimedia.org/wiki/File:20250801_082601_Bridge_expansion_joints_02.jpg,Ramsch,CC BY-SA 4.0,外部参考候选：本次不公开原图；逐图授权或独立制图
WC-172564481,Commons网上候选,20250801 082601 Bridge expansion joints 01.jpg,Wikimedia Commons,https://commons.wikimedia.org/wiki/File:20250801_082601_Bridge_expansion_joints_01.jpg,Ramsch,CC BY-SA 4.0,外部参考候选：本次不公开原图；逐图授权或独立制图
WC-174497026,Commons网上候选,Suspension bridge.svg,Wikimedia Commons,https://commons.wikimedia.org/wiki/File:Suspension_bridge.svg,Noleander,CC0,外部参考候选：本次不公开原图；逐图授权或独立制图
WC-174716611,Commons网上候选,Steel Bridge Inspection - Snooper truck.jpg,Wikimedia Commons,https://commons.wikimedia.org/wiki/File:Steel_Bridge_Inspection_-_Snooper_truck.jpg,Oregon Department of Transportation,CC BY 4.0,外部参考候选：本次不公开原图；逐图授权或独立制图
WC-174716622,Commons网上候选,Steel Bridge Inspection - Inspecting under the upper deck.jpg,Wikimedia Commons,https://commons.wikimedia.org/wiki/File:Steel_Bridge_Inspection_-_Inspecting_under_the_upper_deck.jpg,Oregon Department of Transportation,CC BY 4.0,外部参考候选：本次不公开原图；逐图授权或独立制图
WC-174716629,Commons网上候选,Steel Bridge Inspection - Portland bridges.jpg,Wikimedia Commons,https://commons.wikimedia.org/wiki/File:Steel_Bridge_Inspection_-_Portland_bridges.jpg,Oregon Department of Transportation,CC BY 4.0,外部参考候选：本次不公开原图；逐图授权或独立制图
WC-174716668,Commons网上候选,Steel Bridge Inspection - Going underneath the bridge to take a look.jpg,Wikimedia Commons,https://commons.wikimedia.org/wiki/File:Steel_Bridge_Inspection_-_Going_underneath_the_bridge_to_take_a_look.jpg,Oregon Department of Transportation,CC BY 4.0,外部参考候选：本次不公开原图；逐图授权或独立制图
WC-174716683,Commons网上候选,Steel Bridge Inspection - MAX train.jpg,Wikimedia Commons,https://commons.wikimedia.org/wiki/File:Steel_Bridge_Inspection_-_MAX_train.jpg,Oregon Department of Transportation,CC BY 4.0,外部参考候选：本次不公开原图；逐图授权或独立制图
WC-174883514,Commons网上候选,Bridge suspension self anchored.svg,Wikimedia Commons,https://commons.wikimedia.org/wiki/File:Bridge_suspension_self_anchored.svg,Noleander,CC0,外部参考候选：本次不公开原图；逐图授权或独立制图
WC-175422413,Commons网上候选,Box girder bridge cross section.svg,Wikimedia Commons,https://commons.wikimedia.org/wiki/File:Box_girder_bridge_cross_section.svg,Störfix,CC BY 2.0 de,外部参考候选：本次不公开原图；逐图授权或独立制图
WC-175538014,Commons网上候选,Bridge cable saddle vs anchor.svg,Wikimedia Commons,https://commons.wikimedia.org/wiki/File:Bridge_cable_saddle_vs_anchor.svg,Noleander,CC0,外部参考候选：本次不公开原图；逐图授权或独立制图
WC-178148092,Commons网上候选,Diagram Strait of Messina Bridge Suspension.svg,Wikimedia Commons,https://commons.wikimedia.org/wiki/File:Diagram_Strait_of_Messina_Bridge_Suspension.svg,Glabb,CC BY-SA 3.0,外部参考候选：本次不公开原图；逐图授权或独立制图
WC-178159022,Commons网上候选,Verazanno Narrows bridge cable anchorage.jpg,Wikimedia Commons,https://commons.wikimedia.org/wiki/File:Verazanno_Narrows_bridge_cable_anchorage.jpg,"Lowe, Jet https://en.wikipedia.org/wiki/Jet_Lowe",Public domain,外部参考候选：本次不公开原图；逐图授权或独立制图
WC-178209247,Commons网上候选,Tacoma Narrows bridge cable saddle.jpg,Wikimedia Commons,https://commons.wikimedia.org/wiki/File:Tacoma_Narrows_bridge_cable_saddle.jpg,"Lowe, Jet",Public domain,外部参考候选：本次不公开原图；逐图授权或独立制图
WC-1813644,Commons网上候选,Zhaozhou Bridge.jpg,Wikimedia Commons,https://commons.wikimedia.org/wiki/File:Zhaozhou_Bridge.jpg,English Wikipedia user Zhao 1974,Public domain,外部参考候选：本次不公开原图；逐图授权或独立制图
WC-183731775,Commons网上候选,ForceBucklingModeMatlab EulerModes 1-6.svg,Wikimedia Commons,https://commons.wikimedia.org/wiki/File:ForceBucklingModeMatlab_EulerModes_1-6.svg,Johannes Kalliauer,CC BY-SA 4.0,外部参考候选：本次不公开原图；逐图授权或独立制图
WC-184455755,Commons网上候选,Normal distribution random sample vs theory.svg,Wikimedia Commons,https://commons.wikimedia.org/wiki/File:Normal_distribution_random_sample_vs_theory.svg,Tomasz59,CC BY-SA 4.0,外部参考候选：本次不公开原图；逐图授权或独立制图
WC-19023622,Commons网上候选,Anji (Zhaozhou) Bridge 2011.jpg,Wikimedia Commons,https://commons.wikimedia.org/wiki/File:Anji_(Zhaozhou)_Bridge_2011.jpg,crazlei,CC BY 2.0,外部参考候选：本次不公开原图；逐图授权或独立制图
WC-192922490,Commons网上候选,02026 0072 Load testing of the new bridge over San river in Sanok.jpg,Wikimedia Commons,https://commons.wikimedia.org/wiki/File:02026_0072_Load_testing_of_the_new_bridge_over_San_river_in_Sanok.jpg,Marsilar,CC BY-SA 4.0,外部参考候选：本次不公开原图；逐图授权或独立制图
WC-192922542,Commons网上候选,02026 0088 Workers during the load test of the new bridge in Sanok.jpg,Wikimedia Commons,https://commons.wikimedia.org/wiki/File:02026_0088_Workers_during_the_load_test_of_the_new_bridge_in_Sanok.jpg,Marsilar,CC BY-SA 4.0,外部参考候选：本次不公开原图；逐图授权或独立制图
WC-192922595,Commons网上候选,02026 0115 Trucks during load testing of the new bridge in Sanok.jpg,Wikimedia Commons,https://commons.wikimedia.org/wiki/File:02026_0115_Trucks_during_load_testing_of_the_new_bridge_in_Sanok.jpg,Marsilar,CC BY-SA 4.0,外部参考候选：本次不公开原图；逐图授权或独立制图
WC-192922666,Commons网上候选,02026 0126 Geodetic measurements during load tests of the bridge in Sanok.jpg,Wikimedia Commons,https://commons.wikimedia.org/wiki/File:02026_0126_Geodetic_measurements_during_load_tests_of_the_bridge_in_Sanok.jpg,Marsilar,CC BY-SA 4.0,外部参考候选：本次不公开原图；逐图授权或独立制图
WC-192922764,Commons网上候选,02026 0201 Test trucks during load testing of the new bridge in Sanok.jpg,Wikimedia Commons,https://commons.wikimedia.org/wiki/File:02026_0201_Test_trucks_during_load_testing_of_the_new_bridge_in_Sanok.jpg,Marsilar,CC BY-SA 4.0,外部参考候选：本次不公开原图；逐图授权或独立制图
WC-192924850,Commons网上候选,02026 0069 Static load test of the bridge over San river in Sanok.jpg,Wikimedia Commons,https://commons.wikimedia.org/wiki/File:02026_0069_Static_load_test_of_the_bridge_over_San_river_in_Sanok.jpg,Marsilar,CC BY-SA 4.0,外部参考候选：本次不公开原图；逐图授权或独立制图
WC-194203168,Commons网上候选,"New Yellow River Bridge, Hejin, Shanxi province.jpg",Wikimedia Commons,"https://commons.wikimedia.org/wiki/File:New_Yellow_River_Bridge,_Hejin,_Shanxi_province.jpg","Feng Xiao, Yuxue Mao, Geng Tian, Gang S. Chen",CC BY 4.0,外部参考候选：本次不公开原图；逐图授权或独立制图
WC-194569628,Commons网上候选,Apalit railway station cantilever bridge June 20 2026 Sulipan Rio Grande construction 01.jpg,Wikimedia Commons,https://commons.wikimedia.org/wiki/File:Apalit_railway_station_cantilever_bridge_June_20_2026_Sulipan_Rio_Grande_construction_01.jpg,P1898,CC BY 4.0,外部参考候选：本次不公开原图；逐图授权或独立制图
WC-194569640,Commons网上候选,Apalit railway station cantilever bridge June 20 2026 Sulipan Rio Grande construction 10.jpg,Wikimedia Commons,https://commons.wikimedia.org/wiki/File:Apalit_railway_station_cantilever_bridge_June_20_2026_Sulipan_Rio_Grande_construction_10.jpg,P1898,CC BY 4.0,外部参考候选：本次不公开原图；逐图授权或独立制图
WC-194569641,Commons网上候选,Apalit railway station cantilever bridge June 20 2026 Sulipan Rio Grande construction 11.jpg,Wikimedia Commons,https://commons.wikimedia.org/wiki/File:Apalit_railway_station_cantilever_bridge_June_20_2026_Sulipan_Rio_Grande_construction_11.jpg,P1898,CC BY 4.0,外部参考候选：本次不公开原图；逐图授权或独立制图
WC-194569670,Commons网上候选,Apalit railway station cantilever bridge June 20 2026 Sulipan Pampanga River crossings construction 02.jpg,Wikimedia Commons,https://commons.wikimedia.org/wiki/File:Apalit_railway_station_cantilever_bridge_June_20_2026_Sulipan_Pampanga_River_crossings_construction_02.jpg,P1898,CC BY 4.0,外部参考候选：本次不公开原图；逐图授权或独立制图
WC-194569677,Commons网上候选,Apalit railway station cantilever bridge June 20 2026 Sulipan Pampanga River crossings construction 08.jpg,Wikimedia Commons,https://commons.wikimedia.org/wiki/File:Apalit_railway_station_cantilever_bridge_June_20_2026_Sulipan_Pampanga_River_crossings_construction_08.jpg,P1898,CC BY 4.0,外部参考候选：本次不公开原图；逐图授权或独立制图
WC-2004744,Commons网上候选,LupuBridgeandBoats.jpg,Wikimedia Commons,https://commons.wikimedia.org/wiki/File:LupuBridgeandBoats.jpg,"Harry Alverson from Shanghai, China",CC BY-SA 2.0,外部参考候选：本次不公开原图；逐图授权或独立制图
WC-20119533,Commons网上候选,Bristol MMB «B7 Clifton Suspension Bridge.jpg,Wikimedia Commons,https://commons.wikimedia.org/wiki/File:Bristol_MMB_%C2%ABB7_Clifton_Suspension_Bridge.jpg,mattbuck ( category ),CC BY-SA 3.0,外部参考候选：本次不公开原图；逐图授权或独立制图
WC-20845438,Commons网上候选,Chaotianmen Yangtze River Bridge.JPG,Wikimedia Commons,https://commons.wikimedia.org/wiki/File:Chaotianmen_Yangtze_River_Bridge.JPG,Glabb,CC BY-SA 3.0,外部参考候选：本次不公开原图；逐图授权或独立制图
WC-20866178,Commons网上候选,"Lupu Bridge, Huangpu River.JPG",Wikimedia Commons,"https://commons.wikimedia.org/wiki/File:Lupu_Bridge,_Huangpu_River.JPG",Glabb,CC BY-SA 3.0,外部参考候选：本次不公开原图；逐图授权或独立制图
WC-21094262,Commons网上候选,Aerial View - Dultenaugrabenbrücke.jpg,Wikimedia Commons,https://commons.wikimedia.org/wiki/File:Aerial_View_-_Dultenaugrabenbr%C3%BCcke.jpg,Taxiarchos228,CC BY 3.0,外部参考候选：本次不公开原图；逐图授权或独立制图
WC-2659586,Commons网上候选,Bridge-suspension-anchorages.svg,Wikimedia Commons,https://commons.wikimedia.org/wiki/File:Bridge-suspension-anchorages.svg,User:Tizio,Public domain,外部参考候选：本次不公开原图；逐图授权或独立制图
WC-2659599,Commons网上候选,Bridge-self-anchored.svg,Wikimedia Commons,https://commons.wikimedia.org/wiki/File:Bridge-self-anchored.svg,User:Tizio,Public domain,外部参考候选：本次不公开原图；逐图授权或独立制图
WC-27412805,Commons网上候选,Tower Bridge (aerial view).jpg,Wikimedia Commons,https://commons.wikimedia.org/wiki/File:Tower_Bridge_(aerial_view).jpg,Bob Collowan,CC BY-SA 3.0,外部参考候选：本次不公开原图；逐图授权或独立制图
WC-2848421,Commons网上候选,Hohlkasten.svg,Wikimedia Commons,https://commons.wikimedia.org/wiki/File:Hohlkasten.svg,Original: Störfix Vector: AndreR,CC BY 2.0 de,外部参考候选：本次不公开原图；逐图授权或独立制图
WC-33710066,Commons网上候选,"South Elevation, Plan, Typical Walkway Panel, Cable Saddle Beam, and other details - Verde River Sheep Bridge, Spanning Verde River (Tonto National Forest), Cave HAER ARIZ,13-CACR.V,1- (sheet 2 of 4).png",Wikimedia Commons,"https://commons.wikimedia.org/wiki/File:South_Elevation,_Plan,_Typical_Walkway_Panel,_Cable_Saddle_Beam,_and_other_details_-_Verde_River_Sheep_Bridge,_Spanning_Verde_River_(Tonto_National_Forest),_Cave_HAER_ARIZ,13-CACR.V,1-_(sheet_2_of_4).png","Matteson, Richard L., creator",Public domain,外部参考候选：本次不公开原图；逐图授权或独立制图
WC-34723212,Commons网上候选,"Elevations, floor plan, site plan, details including profile of island, column and beam axon - Lee House , 3714 Country Ridge Road, Charlotte, Mecklenburg County, NC HABS NC-415 (sheet 1 of 1).png",Wikimedia Commons,"https://commons.wikimedia.org/wiki/File:Elevations,_floor_plan,_site_plan,_details_including_profile_of_island,_column_and_beam_axon_-_Lee_House_,_3714_Country_Ridge_Road,_Charlotte,_Mecklenburg_County,_NC_HABS_NC-415_(sheet_1_of_1).png","Miller, Robert Charles II. Related names: Lee, Praise Connor Lee, Harriet Arzola, Robert, project manager",Public domain,外部参考候选：本次不公开原图；逐图授权或独立制图
WC-35933414,Commons网上候选,HD.6D.153 (10822121074).jpg,Wikimedia Commons,https://commons.wikimedia.org/wiki/File:HD.6D.153_(10822121074).jpg,ENERGY.GOV,Public domain,外部参考候选：本次不公开原图；逐图授权或独立制图
WC-3601580,Commons网上候选,Sydney Harbour Bridge ball.jpg,Wikimedia Commons,https://commons.wikimedia.org/wiki/File:Sydney_Harbour_Bridge_ball.jpg,Mike Young,CC BY-SA 4.0,外部参考候选：本次不公开原图；逐图授权或独立制图
WC-38087954,Commons网上候选,Shoe trees.jpg,Wikimedia Commons,https://commons.wikimedia.org/wiki/File:Shoe_trees.jpg,Wilfredor,CC0,外部参考候选：本次不公开原图；逐图授权或独立制图
WC-4215050,Commons网上候选,Akashi-Kaikyo Bridge.svg,Wikimedia Commons,https://commons.wikimedia.org/wiki/File:Akashi-Kaikyo_Bridge.svg,Roulex 45,CC BY-SA 3.0,外部参考候选：本次不公开原图；逐图授权或独立制图
WC-42999500,Commons网上候选,Csv-bivariate-normal-distribution.svg,Wikimedia Commons,https://commons.wikimedia.org/wiki/File:Csv-bivariate-normal-distribution.svg,MartinThoma,CC0,外部参考候选：本次不公开原图；逐图授权或独立制图
WC-43488712,Commons网上候选,Architect and engineer (1933) (14595218918).jpg,Wikimedia Commons,https://commons.wikimedia.org/wiki/File:Architect_and_engineer_(1933)_(14595218918).jpg,Internet Archive Book Images,No restrictions,外部参考候选：本次不公开原图；逐图授权或独立制图
WC-4362003,Commons网上候选,Concrete box girder bridge.JPG,Wikimedia Commons,https://commons.wikimedia.org/wiki/File:Concrete_box_girder_bridge.JPG,The original uploader was Cherrybomb at English Wikipedia .,CC SA 1.0,外部参考候选：本次不公开原图；逐图授权或独立制图
WC-44284824,Commons网上候选,Baltimore and Ohio employees magazine (1920) (14759913722).jpg,Wikimedia Commons,https://commons.wikimedia.org/wiki/File:Baltimore_and_Ohio_employees_magazine_(1920)_(14759913722).jpg,Baltimore and Ohio Railroad Company; Baltimore and Ohio Railroad Company,No restrictions,外部参考候选：本次不公开原图；逐图授权或独立制图
WC-477955,Commons网上候选,Akashi Bridge.JPG,Wikimedia Commons,https://commons.wikimedia.org/wiki/File:Akashi_Bridge.JPG,Tysto,Public domain,外部参考候选：本次不公开原图；逐图授权或独立制图
WC-50423492,Commons网上候选,Vladivostok Russky Island Russky Bridge P8070612 2200.jpg,Wikimedia Commons,https://commons.wikimedia.org/wiki/File:Vladivostok_Russky_Island_Russky_Bridge_P8070612_2200.jpg,Alexxx1979,CC BY-SA 4.0,外部参考候选：本次不公开原图；逐图授权或独立制图
WC-50948683,Commons网上候选,BridgeBearing.jpg,Wikimedia Commons,https://commons.wikimedia.org/wiki/File:BridgeBearing.jpg,Douglas W. Jones,CC0,外部参考候选：本次不公开原图；逐图授权或独立制图
WC-51421381,Commons网上候选,"Structural diagram of Harbour Bridge, 1932 (8282688025).jpg",Wikimedia Commons,"https://commons.wikimedia.org/wiki/File:Structural_diagram_of_Harbour_Bridge,_1932_(8282688025).jpg","Powerhouse Museum from Sydney, Australia",Public domain,外部参考候选：本次不公开原图；逐图授权或独立制图
WC-51435000,Commons网上候选,14x14-Inch Trisonic Wind Tunnel (9417464060).jpg,Wikimedia Commons,https://commons.wikimedia.org/wiki/File:14x14-Inch_Trisonic_Wind_Tunnel_(9417464060).jpg,NASA on The Commons,No restrictions,外部参考候选：本次不公开原图；逐图授权或独立制图
WC-52288337,Commons网上候选,Lidingöbron October 2015 03.jpg,Wikimedia Commons,https://commons.wikimedia.org/wiki/File:Liding%C3%B6bron_October_2015_03.jpg,Arild Vågen,CC BY-SA 4.0,外部参考候选：本次不公开原图；逐图授权或独立制图
WC-57261410,Commons网上候选,Bimodal-bivariate-small.png,Wikimedia Commons,https://commons.wikimedia.org/wiki/File:Bimodal-bivariate-small.png,Jorgenumata ( talk ) ( Uploads ),Public domain,外部参考候选：本次不公开原图；逐图授权或独立制图
WC-57398950,Commons网上候选,"09238jfFlood Control Cut-Off Channelling Dike Embankment Sheet Pile Foundation Candaba, Pampangafvf 23.jpg",Wikimedia Commons,"https://commons.wikimedia.org/wiki/File:09238jfFlood_Control_Cut-Off_Channelling_Dike_Embankment_Sheet_Pile_Foundation_Candaba,_Pampangafvf_23.jpg",Judgefloro,CC0,外部参考候选：本次不公开原图；逐图授权或独立制图
WC-57398956,Commons网上候选,"09238jfFlood Control Cut-Off Channelling Dike Embankment Sheet Pile Foundation Candaba, Pampangafvf 30.jpg",Wikimedia Commons,"https://commons.wikimedia.org/wiki/File:09238jfFlood_Control_Cut-Off_Channelling_Dike_Embankment_Sheet_Pile_Foundation_Candaba,_Pampangafvf_30.jpg",Judgefloro,CC0,外部参考候选：本次不公开原图；逐图授权或独立制图
WC-57398962,Commons网上候选,"09238jfFlood Control Cut-Off Channelling Dike Embankment Sheet Pile Foundation Candaba, Pampangafvf 34.jpg",Wikimedia Commons,"https://commons.wikimedia.org/wiki/File:09238jfFlood_Control_Cut-Off_Channelling_Dike_Embankment_Sheet_Pile_Foundation_Candaba,_Pampangafvf_34.jpg",Judgefloro,CC0,外部参考候选：本次不公开原图；逐图授权或独立制图
WC-58916915,Commons网上候选,"Rion-Antirion Bridge, Gefira Charilaos Trikoupis - panoramio.jpg",Wikimedia Commons,"https://commons.wikimedia.org/wiki/File:Rion-Antirion_Bridge,_Gefira_Charilaos_Trikoupis_-_panoramio.jpg",qwesy qwesy,CC BY 3.0,外部参考候选：本次不公开原图；逐图授权或独立制图
WC-58917049,Commons网上候选,"Rion-Antirion Bridge, Gefira Charilaos Trikoupis - panoramio (1).jpg",Wikimedia Commons,"https://commons.wikimedia.org/wiki/File:Rion-Antirion_Bridge,_Gefira_Charilaos_Trikoupis_-_panoramio_(1).jpg",qwesy qwesy,CC BY 3.0,外部参考候选：本次不公开原图；逐图授权或独立制图
WC-59091515,Commons网上候选,"Overview of the Millau viaduct (The famous Millau bridge in the A75) as seen from Embarry, with Millau in the Tarn Valley - panoramio.jpg",Wikimedia Commons,"https://commons.wikimedia.org/wiki/File:Overview_of_the_Millau_viaduct_(The_famous_Millau_bridge_in_the_A75)_as_seen_from_Embarry,_with_Millau_in_the_Tarn_Valley_-_panoramio.jpg",Henk Monster,CC BY 3.0,外部参考候选：本次不公开原图；逐图授权或独立制图
WC-61435627,Commons网上候选,Moscow 05-2017 img13 Krymsky Bridge.jpg,Wikimedia Commons,https://commons.wikimedia.org/wiki/File:Moscow_05-2017_img13_Krymsky_Bridge.jpg,A.Savin,FAL,外部参考候选：本次不公开原图；逐图授权或独立制图
WC-620244,Commons网上候选,InfluenceLineReaction.svg,Wikimedia Commons,https://commons.wikimedia.org/wiki/File:InfluenceLineReaction.svg,No machine-readable author provided. GeeKaa assumed (based on copyright claims).,CC BY-SA 3.0,外部参考候选：本次不公开原图；逐图授权或独立制图
WC-64667884,Commons网上候选,Vzorový řez komorový most.svg,Wikimedia Commons,https://commons.wikimedia.org/wiki/File:Vzorov%C3%BD_%C5%99ez_komorov%C3%BD_most.svg,Draceane,CC BY-SA 4.0,外部参考候选：本次不公开原图；逐图授权或独立制图
WC-69553744,Commons网上候选,Aerial view of Golden Gate Bridge from the south dllu.jpg,Wikimedia Commons,https://commons.wikimedia.org/wiki/File:Aerial_view_of_Golden_Gate_Bridge_from_the_south_dllu.jpg,Daniel L. Lu (user:dllu),CC BY-SA 4.0,外部参考候选：本次不公开原图；逐图授权或独立制图
WC-69553748,Commons网上候选,Aerial view of Golden Gate Bridge from southwest dllu.jpg,Wikimedia Commons,https://commons.wikimedia.org/wiki/File:Aerial_view_of_Golden_Gate_Bridge_from_southwest_dllu.jpg,Daniel L. Lu (user:dllu),CC BY-SA 4.0,外部参考候选：本次不公开原图；逐图授权或独立制图
WC-6960577,Commons网上候选,Panorama de la vallée de Millau.jpg,Wikimedia Commons,https://commons.wikimedia.org/wiki/File:Panorama_de_la_vall%C3%A9e_de_Millau.jpg,Tobi 87,CC BY-SA 3.0,外部参考候选：本次不公开原图；逐图授权或独立制图
WC-70065319,Commons网上候选,Whittier Bridge- Expansion joint ready to be set in place (21010169043).jpg,Wikimedia Commons,https://commons.wikimedia.org/wiki/File:Whittier_Bridge-_Expansion_joint_ready_to_be_set_in_place_(21010169043).jpg,MassDOT,Public domain,外部参考候选：本次不公开原图；逐图授权或独立制图
WC-70181750,Commons网上候选,Suspension bridge in Xitou Nature Education Area.jpg,Wikimedia Commons,https://commons.wikimedia.org/wiki/File:Suspension_bridge_in_Xitou_Nature_Education_Area.jpg,Dquai,CC BY-SA 4.0,外部参考候选：本次不公开原图；逐图授权或独立制图
WC-71614706,Commons网上候选,Roeblings Bridge P6270140 cable anchorage sign.jpg,Wikimedia Commons,https://commons.wikimedia.org/wiki/File:Roeblings_Bridge_P6270140_cable_anchorage_sign.jpg,Chris Light,CC BY-SA 4.0,外部参考候选：本次不公开原图；逐图授权或独立制图
WC-71971323,Commons网上候选,Prestressed concrete slab.jpg,Wikimedia Commons,https://commons.wikimedia.org/wiki/File:Prestressed_concrete_slab.jpg,Hemant_sahu_Raj,CC BY-SA 4.0,外部参考候选：本次不公开原图；逐图授权或独立制图
WC-73712878,Commons网上候选,Shoes in a spanish shoe store.jpg,Wikimedia Commons,https://commons.wikimedia.org/wiki/File:Shoes_in_a_spanish_shoe_store.jpg,Tomascastelazo,CC BY-SA 4.0,外部参考候选：本次不公开原图；逐图授权或独立制图
WC-73857133,Commons网上候选,"2018-10-22 (848) Bridge bearing at Donaubrücke in Krems an der Donau, Austria.jpg",Wikimedia Commons,"https://commons.wikimedia.org/wiki/File:2018-10-22_(848)_Bridge_bearing_at_Donaubr%C3%BCcke_in_Krems_an_der_Donau,_Austria.jpg",GT1976,CC BY-SA 4.0,外部参考候选：本次不公开原图；逐图授权或独立制图
WC-7805786,Commons网上候选,Viaduc de Millau 1 censored.jpg,Wikimedia Commons,https://commons.wikimedia.org/wiki/File:Viaduc_de_Millau_1_censored.jpg,Vincent,Public domain,外部参考候选：本次不公开原图；逐图授权或独立制图
WC-7849791,Commons网上候选,Suspension bridge pattern german.svg,Wikimedia Commons,https://commons.wikimedia.org/wiki/File:Suspension_bridge_pattern_german.svg,Original: Matthias079 Vector: Svgalbertian,CC BY-SA 3.0,外部参考候选：本次不公开原图；逐图授权或独立制图
WC-791111,Commons网上候选,Eisenbahnbrueckenquerschnitt2.png,Wikimedia Commons,https://commons.wikimedia.org/wiki/File:Eisenbahnbrueckenquerschnitt2.png,Störfix,CC BY 2.0 de,外部参考候选：本次不公开原图；逐图授权或独立制图
WC-79946241,Commons网上候选,Canal de Chacao 0008.jpg,Wikimedia Commons,https://commons.wikimedia.org/wiki/File:Canal_de_Chacao_0008.jpg,Draceane,CC BY-SA 4.0,外部参考候选：本次不公开原图；逐图授权或独立制图
WC-82649684,Commons网上候选,Tacoma Narrows Bridge (117561801).jpeg,Wikimedia Commons,https://commons.wikimedia.org/wiki/File:Tacoma_Narrows_Bridge_(117561801).jpeg,Sounderbruce,CC BY-SA 3.0,外部参考候选：本次不公开原图；逐图授权或独立制图
WC-83865847,Commons网上候选,"Perth (AU), Elizabeth Quay Bridge -- 2019 -- 0375-9.jpg",Wikimedia Commons,"https://commons.wikimedia.org/wiki/File:Perth_(AU),_Elizabeth_Quay_Bridge_--_2019_--_0375-9.jpg",Dietmar Rabich,CC BY-SA 4.0,外部参考候选：本次不公开原图；逐图授权或独立制图
WC-84138882,Commons网上候选,"Perth (AU), Elizabeth Quay Bridge -- 2019 -- 0346-8 (crop 2).jpg",Wikimedia Commons,"https://commons.wikimedia.org/wiki/File:Perth_(AU),_Elizabeth_Quay_Bridge_--_2019_--_0346-8_(crop_2).jpg",Dietmar Rabich,CC BY-SA 4.0,外部参考候选：本次不公开原图；逐图授权或独立制图
WC-84574710,Commons网上候选,Chaotianmen Bridge.jpg,Wikimedia Commons,https://commons.wikimedia.org/wiki/File:Chaotianmen_Bridge.jpg,Thomas Bächinger,CC BY-SA 2.0,外部参考候选：本次不公开原图；逐图授权或独立制图
WC-84954222,Commons网上候选,"Canberra (AU), Commonwealth Avenue Bridge -- 2019 -- 1811.jpg",Wikimedia Commons,"https://commons.wikimedia.org/wiki/File:Canberra_(AU),_Commonwealth_Avenue_Bridge_--_2019_--_1811.jpg",Dietmar Rabich,CC BY-SA 4.0,外部参考候选：本次不公开原图；逐图授权或独立制图
WC-88093457,Commons网上候选,Lewis River Bridge - Spalling concrete (42223630094).jpg,Wikimedia Commons,https://commons.wikimedia.org/wiki/File:Lewis_River_Bridge_-_Spalling_concrete_(42223630094).jpg,Yellowstone National Park,Public domain,外部参考候选：本次不公开原图；逐图授权或独立制图
WC-90087225,Commons网上候选,"A block for the wigs - or, the new state whirligig. (BM 1851,0901.142).jpg",Wikimedia Commons,"https://commons.wikimedia.org/wiki/File:A_block_for_the_wigs_-_or,_the_new_state_whirligig._(BM_1851,0901.142).jpg",Print made by: James Gillray Published by: William Humphrey,Public domain,外部参考候选：本次不公开原图；逐图授权或独立制图
WC-9282157,Commons网上候选,Tacoma Narrows Bridge 2009.jpg,Wikimedia Commons,https://commons.wikimedia.org/wiki/File:Tacoma_Narrows_Bridge_2009.jpg,Lderendi,Public domain,外部参考候选：本次不公开原图；逐图授权或独立制图
WC-93523473,Commons网上候选,"Union Chain Suspension Bridge, River Tweed, Cables to anchors connections. England side.jpg",Wikimedia Commons,"https://commons.wikimedia.org/wiki/File:Union_Chain_Suspension_Bridge,_River_Tweed,_Cables_to_anchors_connections._England_side.jpg",Rosser1954,CC BY-SA 4.0,外部参考候选：本次不公开原图；逐图授权或独立制图
WC-93525724,Commons网上候选,"Union Chain Suspension Bridge, River Tweed. Cables and anchors. Motto plaque. Scotland.jpg",Wikimedia Commons,"https://commons.wikimedia.org/wiki/File:Union_Chain_Suspension_Bridge,_River_Tweed._Cables_and_anchors._Motto_plaque._Scotland.jpg",Rosser1954,CC BY-SA 4.0,外部参考候选：本次不公开原图；逐图授权或独立制图
WC-94102959,Commons网上候选,"Anji Bridge, Zhao County, 2020-09-06 05.jpg",Wikimedia Commons,"https://commons.wikimedia.org/wiki/File:Anji_Bridge,_Zhao_County,_2020-09-06_05.jpg",Siyuwj,CC BY-SA 4.0,外部参考候选：本次不公开原图；逐图授权或独立制图
WC-96628589,Commons网上候选,"Cape Cod Canal Railroad Bridge Construction, Bourne, Massachusetts, Cape Cod Canal Aerial Survey Project - DPLA - e44343a5f589d6a1205ae2263f52b4cc.jpg",Wikimedia Commons,"https://commons.wikimedia.org/wiki/File:Cape_Cod_Canal_Railroad_Bridge_Construction,_Bourne,_Massachusetts,_Cape_Cod_Canal_Aerial_Survey_Project_-_DPLA_-_e44343a5f589d6a1205ae2263f52b4cc.jpg","Department of Defense. Department of the Army. U.S. Army Corps of Engineers. North Atlantic Division. U.S. Army Engineer District, New England.",Public domain,外部参考候选：本次不公开原图；逐图授权或独立制图
WC-98893601,Commons网上候选,Severn Bridge railway tunnel (geograph 3861607).jpg,Wikimedia Commons,https://commons.wikimedia.org/wiki/File:Severn_Bridge_railway_tunnel_(geograph_3861607).jpg,John Winder,CC BY-SA 2.0,外部参考候选：本次不公开原图；逐图授权或独立制图
WC-99866258,Commons网上候选,Patras bridge (Rion-Antirion) (2522565168).jpg,Wikimedia Commons,https://commons.wikimedia.org/wiki/File:Patras_bridge_(Rion-Antirion)_(2522565168).jpg,"Jean-Marc Astesana from Voisins le Bretonneux, France",CC BY-SA 2.0,外部参考候选：本次不公开原图；逐图授权或独立制图
G:bridge_action_base_v2,本书自制静态图,作用分析对象（已有自制图复用）,本教材已有自制图,,课程组,已有资源复用，不计入新增独立图片,自制图：公开预览保留，出版质量继续复核
G:combination_components,本书自制静态图,组合分项贡献（已有自制图复用）,本教材已有自制图,,课程组,已有资源复用，不计入新增独立图片,自制图：公开预览保留，出版质量继续复核
G:combination_waterfall,本书自制静态图,组合效应瀑布图（已有自制图复用）,本教材已有自制图,,课程组,已有资源复用，不计入新增独立图片,自制图：公开预览保留，出版质量继续复核
G:joint_density,本书自制静态图,联合概率密度（已有自制图复用）,本教材已有自制图,,课程组,已有资源复用，不计入新增独立图片,自制图：公开预览保留，出版质量继续复核
G:joint_density_3d,本书自制静态图,联合概率密度曲面（已有自制图复用）,本教材已有自制图,,课程组,已有资源复用，不计入新增独立图片,自制图：公开预览保留，出版质量继续复核
G:marginal_distributions,本书自制静态图,边缘分布（已有自制图复用）,本教材已有自制图,,课程组,已有资源复用，不计入新增独立图片,自制图：公开预览保留，出版质量继续复核
G:parameter_reliability,本书自制静态图,参数与可靠度（已有自制图复用）,本教材已有自制图,,课程组,已有资源复用，不计入新增独立图片,自制图：公开预览保留，出版质量继续复核
assets/generated/ch09/04-wind-speed-square-law.svg,本书自制静态图,04-wind-speed-square-law,,,,,自制图：公开预览保留，出版质量继续复核
assets/generated/ch09/05-single_dof_dynamic-amplification.svg,本书自制静态图,05-single_dof_dynamic-amplification,,,,,自制图：公开预览保留，出版质量继续复核
assets/generated/ch10/06-simply-supported-beam-mesh-convergence.svg,本书自制静态图,06-simply-supported-beam-mesh-convergence,,,,,自制图：公开预览保留，出版质量继续复核
G:bayes,本书自制静态图,贝叶斯更新（已有自制图复用）,本教材已有自制图,,课程组,已有资源复用，不计入新增独立图片,自制图：公开预览保留，出版质量继续复核
G:bending,本书自制静态图,弯曲应力（已有自制图复用）,本教材已有自制图,,课程组,已有资源复用，不计入新增独立图片,自制图：公开预览保留，出版质量继续复核
assets/generated/interactive-diagrams/box-girder.svg,本书自制静态图,box-girder,,,,,自制图：公开预览保留，出版质量继续复核
G:buckling,本书自制静态图,屈曲与稳定（已有自制图复用）,本教材已有自制图,,课程组,已有资源复用，不计入新增独立图片,自制图：公开预览保留，出版质量继续复核
G:deterioration,本书自制静态图,时变劣化（已有自制图复用）,本教材已有自制图,,课程组,已有资源复用，不计入新增独立图片,自制图：公开预览保留，出版质量继续复核
G:eccentric,本书自制静态图,偏心受力（已有自制图复用）,本教材已有自制图,,课程组,已有资源复用，不计入新增独立图片,自制图：公开预览保留，出版质量继续复核
assets/generated/interactive-diagrams/forcepath.svg,本书自制静态图,forcepath,,,,,自制图：公开预览保留，出版质量继续复核
G:influence,本书自制静态图,影响线与移动荷载（已有自制图复用）,本教材已有自制图,,课程组,已有资源复用，不计入新增独立图片,自制图：公开预览保留，出版质量继续复核
G:loadmap,本书自制静态图,荷载映射（已有自制图复用）,本教材已有自制图,,课程组,已有资源复用，不计入新增独立图片,自制图：公开预览保留，出版质量继续复核
G:mesh,本书自制静态图,网格与离散（已有自制图复用）,本教材已有自制图,,课程组,已有资源复用，不计入新增独立图片,自制图：公开预览保留，出版质量继续复核
G:modal,本书自制静态图,模态（已有自制图复用）,本教材已有自制图,,课程组,已有资源复用，不计入新增独立图片,自制图：公开预览保留，出版质量继续复核
G:prestress,本书自制静态图,预应力作用（已有自制图复用）,本教材已有自制图,,课程组,已有资源复用，不计入新增独立图片,自制图：公开预览保留，出版质量继续复核
G:resonance,本书自制静态图,动力放大（已有自制图复用）,本教材已有自制图,,课程组,已有资源复用，不计入新增独立图片,自制图：公开预览保留，出版质量继续复核
G:restraint,本书自制静态图,约束与自由度（已有自制图复用）,本教材已有自制图,,课程组,已有资源复用，不计入新增独立图片,自制图：公开预览保留，出版质量继续复核
G:scale,本书自制静态图,尺度效应（已有自制图复用）,本教材已有自制图,,课程组,已有资源复用，不计入新增独立图片,自制图：公开预览保留，出版质量继续复核
G:spectrum,本书自制静态图,反应谱（已有自制图复用）,本教材已有自制图,,课程组,已有资源复用，不计入新增独立图片,自制图：公开预览保留，出版质量继续复核
G:staymatrix,本书自制静态图,索力影响矩阵（已有自制图复用）,本教材已有自制图,,课程组,已有资源复用，不计入新增独立图片,自制图：公开预览保留，出版质量继续复核
G:suspension,本书自制静态图,悬索线形（已有自制图复用）,本教材已有自制图,,课程组,已有资源复用，不计入新增独立图片,自制图：公开预览保留，出版质量继续复核
G:thermal,本书自制静态图,温度作用（已有自制图复用）,本教材已有自制图,,课程组,已有资源复用，不计入新增独立图片,自制图：公开预览保留，出版质量继续复核
G:transverse,本书自制静态图,横向分布（已有自制图复用）,本教材已有自制图,,课程组,已有资源复用，不计入新增独立图片,自制图：公开预览保留，出版质量继续复核
G:windforce,本书自制静态图,静风力（已有自制图复用）,本教材已有自制图,,课程组,已有资源复用，不计入新增独立图片,自制图：公开预览保留，出版质量继续复核
assets/source-drafts/ch01/qlgc-1-1-11.jpg,正文占位：在线教材图,qlgc-1-1-11,刘龄嘉、王晓明《桥梁工程》（第2版）在线教材，按图源与版权台账登记,https://github.com/longyu8101/qlgc/blob/master/source/index.rst,,,外部参考候选：本次不公开原图；逐图授权或独立制图
assets/source-drafts/ch01/qlgc-1-1-12.jpg,正文占位：在线教材图,qlgc-1-1-12,刘龄嘉、王晓明《桥梁工程》（第2版）在线教材，按图源与版权台账登记,https://github.com/longyu8101/qlgc/blob/master/source/index.rst,,,外部参考候选：本次不公开原图；逐图授权或独立制图
assets/source-drafts/ch01/qlgc-1-1-5.jpg,正文占位：在线教材图,qlgc-1-1-5,刘龄嘉、王晓明《桥梁工程》（第2版）在线教材，按图源与版权台账登记,https://github.com/longyu8101/qlgc/blob/master/source/index.rst,,,外部参考候选：本次不公开原图；逐图授权或独立制图
assets/source-drafts/ch01/qlgc-1-1-6.jpg,正文占位：在线教材图,qlgc-1-1-6,刘龄嘉、王晓明《桥梁工程》（第2版）在线教材，按图源与版权台账登记,https://github.com/longyu8101/qlgc/blob/master/source/index.rst,,,外部参考候选：本次不公开原图；逐图授权或独立制图
assets/source-drafts/ch01/qlgc-1-1-9.jpg,正文占位：在线教材图,qlgc-1-1-9,刘龄嘉、王晓明《桥梁工程》（第2版）在线教材，按图源与版权台账登记,https://github.com/longyu8101/qlgc/blob/master/source/index.rst,,,外部参考候选：本次不公开原图；逐图授权或独立制图
assets/source-drafts/ch01/qlgc-1-2-3.jpg,正文占位：在线教材图,qlgc-1-2-3,刘龄嘉、王晓明《桥梁工程》（第2版）在线教材，按图源与版权台账登记,https://github.com/longyu8101/qlgc/blob/master/source/index.rst,,,外部参考候选：本次不公开原图；逐图授权或独立制图
assets/source-drafts/ch01/qlgc-1-2-8.jpg,正文占位：在线教材图,qlgc-1-2-8,刘龄嘉、王晓明《桥梁工程》（第2版）在线教材，按图源与版权台账登记,https://github.com/longyu8101/qlgc/blob/master/source/index.rst,,,外部参考候选：本次不公开原图；逐图授权或独立制图
assets/source-drafts/ch01/qlgc-1-2-9.jpg,正文占位：在线教材图,qlgc-1-2-9,刘龄嘉、王晓明《桥梁工程》（第2版）在线教材，按图源与版权台账登记,https://github.com/longyu8101/qlgc/blob/master/source/index.rst,,,外部参考候选：本次不公开原图；逐图授权或独立制图
assets/source-drafts/ch01/xiao-system-beam-arch-p8.png,正文占位：教材PDF裁图,xiao-system-beam-arch-p8,肖汝诚《桥梁结构体系》，按图源与版权台账登记,,,,外部参考候选：本次不公开原图；逐图授权或独立制图
assets/source-drafts/ch01/xiao-system-stay-suspension-p9.png,正文占位：教材PDF裁图,xiao-system-stay-suspension-p9,肖汝诚《桥梁结构体系》，按图源与版权台账登记,,,,外部参考候选：本次不公开原图；逐图授权或独立制图
assets/source-drafts/ch03/qlgc-2-3-15.jpg,正文占位：在线教材图,qlgc-2-3-15,刘龄嘉、王晓明《桥梁工程》（第2版）在线教材，按图源与版权台账登记,https://github.com/longyu8101/qlgc/blob/master/source/index.rst,,,外部参考候选：本次不公开原图；逐图授权或独立制图
assets/source-drafts/ch03/qlgc-2-3-2.jpg,正文占位：在线教材图,qlgc-2-3-2,刘龄嘉、王晓明《桥梁工程》（第2版）在线教材，按图源与版权台账登记,https://github.com/longyu8101/qlgc/blob/master/source/index.rst,,,外部参考候选：本次不公开原图；逐图授权或独立制图
assets/source-drafts/ch03/qlgc-2-4-13.jpg,正文占位：在线教材图,qlgc-2-4-13,刘龄嘉、王晓明《桥梁工程》（第2版）在线教材，按图源与版权台账登记,https://github.com/longyu8101/qlgc/blob/master/source/index.rst,,,外部参考候选：本次不公开原图；逐图授权或独立制图
assets/source-drafts/ch03/qlgc-2-4-14.png,正文占位：在线教材图,qlgc-2-4-14,刘龄嘉、王晓明《桥梁工程》（第2版）在线教材，按图源与版权台账登记,https://github.com/longyu8101/qlgc/blob/master/source/index.rst,,,外部参考候选：本次不公开原图；逐图授权或独立制图
assets/source-drafts/ch03/qlgc-2-4-18.png,正文占位：在线教材图,qlgc-2-4-18,刘龄嘉、王晓明《桥梁工程》（第2版）在线教材，按图源与版权台账登记,https://github.com/longyu8101/qlgc/blob/master/source/index.rst,,,外部参考候选：本次不公开原图；逐图授权或独立制图
assets/source-drafts/ch03/qlgc-2-4-20.jpg,正文占位：在线教材图,qlgc-2-4-20,刘龄嘉、王晓明《桥梁工程》（第2版）在线教材，按图源与版权台账登记,https://github.com/longyu8101/qlgc/blob/master/source/index.rst,,,外部参考候选：本次不公开原图；逐图授权或独立制图
assets/source-drafts/ch03/qlgc-2-4-48.png,正文占位：在线教材图,qlgc-2-4-48,刘龄嘉、王晓明《桥梁工程》（第2版）在线教材，按图源与版权台账登记,https://github.com/longyu8101/qlgc/blob/master/source/index.rst,,,外部参考候选：本次不公开原图；逐图授权或独立制图
assets/source-drafts/ch03/qlgc-2-4-51.png,正文占位：在线教材图,qlgc-2-4-51,刘龄嘉、王晓明《桥梁工程》（第2版）在线教材，按图源与版权台账登记,https://github.com/longyu8101/qlgc/blob/master/source/index.rst,,,外部参考候选：本次不公开原图；逐图授权或独立制图
assets/source-drafts/ch03/qlgc-2-6-13.jpg,正文占位：在线教材图,qlgc-2-6-13,刘龄嘉、王晓明《桥梁工程》（第2版）在线教材，按图源与版权台账登记,https://github.com/longyu8101/qlgc/blob/master/source/index.rst,,,外部参考候选：本次不公开原图；逐图授权或独立制图
assets/source-drafts/ch03/qlgc-2-6-16.jpg,正文占位：在线教材图,qlgc-2-6-16,刘龄嘉、王晓明《桥梁工程》（第2版）在线教材，按图源与版权台账登记,https://github.com/longyu8101/qlgc/blob/master/source/index.rst,,,外部参考候选：本次不公开原图；逐图授权或独立制图
assets/source-drafts/ch03/qlgc-2-6-2.jpg,正文占位：在线教材图,qlgc-2-6-2,刘龄嘉、王晓明《桥梁工程》（第2版）在线教材，按图源与版权台账登记,https://github.com/longyu8101/qlgc/blob/master/source/index.rst,,,外部参考候选：本次不公开原图；逐图授权或独立制图
assets/source-drafts/ch03/qlgc-2-6-9.jpg,正文占位：在线教材图,qlgc-2-6-9,刘龄嘉、王晓明《桥梁工程》（第2版）在线教材，按图源与版权台账登记,https://github.com/longyu8101/qlgc/blob/master/source/index.rst,,,外部参考候选：本次不公开原图；逐图授权或独立制图
assets/source-drafts/ch03/wsdot-prestressed-girder-families.png,正文占位：官方资料图待核,wsdot-prestressed-girder-families,官方资料占位图；须结合图注回查，不能由政府机构名称推定开放许可,,,,外部参考候选：本次不公开原图；逐图授权或独立制图
assets/source-drafts/ch03/xiao-fig3-12-load-path-p72.png,正文占位：教材PDF裁图,xiao-fig3-12-load-path-p72,肖汝诚《桥梁结构体系》，按图源与版权台账登记,,,,外部参考候选：本次不公开原图；逐图授权或独立制图
assets/source-drafts/ch04/qlgc-3-1-1.jpg,正文占位：在线教材图,qlgc-3-1-1,刘龄嘉、王晓明《桥梁工程》（第2版）在线教材，按图源与版权台账登记,https://github.com/longyu8101/qlgc/blob/master/source/index.rst,,,外部参考候选：本次不公开原图；逐图授权或独立制图
assets/source-drafts/ch04/qlgc-3-1-2.jpg,正文占位：在线教材图,qlgc-3-1-2,刘龄嘉、王晓明《桥梁工程》（第2版）在线教材，按图源与版权台账登记,https://github.com/longyu8101/qlgc/blob/master/source/index.rst,,,外部参考候选：本次不公开原图；逐图授权或独立制图
assets/source-drafts/ch04/qlgc-3-2-12.jpg,正文占位：在线教材图,qlgc-3-2-12,刘龄嘉、王晓明《桥梁工程》（第2版）在线教材，按图源与版权台账登记,https://github.com/longyu8101/qlgc/blob/master/source/index.rst,,,外部参考候选：本次不公开原图；逐图授权或独立制图
assets/source-drafts/ch04/qlgc-3-2-14.jpg,正文占位：在线教材图,qlgc-3-2-14,刘龄嘉、王晓明《桥梁工程》（第2版）在线教材，按图源与版权台账登记,https://github.com/longyu8101/qlgc/blob/master/source/index.rst,,,外部参考候选：本次不公开原图；逐图授权或独立制图
assets/source-drafts/ch04/qlgc-3-2-15.jpg,正文占位：在线教材图,qlgc-3-2-15,刘龄嘉、王晓明《桥梁工程》（第2版）在线教材，按图源与版权台账登记,https://github.com/longyu8101/qlgc/blob/master/source/index.rst,,,外部参考候选：本次不公开原图；逐图授权或独立制图
assets/source-drafts/ch04/qlgc-3-3-2.jpg,正文占位：在线教材图,qlgc-3-3-2,刘龄嘉、王晓明《桥梁工程》（第2版）在线教材，按图源与版权台账登记,https://github.com/longyu8101/qlgc/blob/master/source/index.rst,,,外部参考候选：本次不公开原图；逐图授权或独立制图
assets/source-drafts/ch04/qlgc-3-3-3.jpg,正文占位：在线教材图,qlgc-3-3-3,刘龄嘉、王晓明《桥梁工程》（第2版）在线教材，按图源与版权台账登记,https://github.com/longyu8101/qlgc/blob/master/source/index.rst,,,外部参考候选：本次不公开原图；逐图授权或独立制图
assets/source-drafts/ch04/qlgc-3-4-25.jpg,正文占位：在线教材图,qlgc-3-4-25,刘龄嘉、王晓明《桥梁工程》（第2版）在线教材，按图源与版权台账登记,https://github.com/longyu8101/qlgc/blob/master/source/index.rst,,,外部参考候选：本次不公开原图；逐图授权或独立制图
assets/source-drafts/ch04/qlgc-3-4-26.jpg,正文占位：在线教材图,qlgc-3-4-26,刘龄嘉、王晓明《桥梁工程》（第2版）在线教材，按图源与版权台账登记,https://github.com/longyu8101/qlgc/blob/master/source/index.rst,,,外部参考候选：本次不公开原图；逐图授权或独立制图
assets/source-drafts/ch04/qlgc-3-4-9.jpg,正文占位：在线教材图,qlgc-3-4-9,刘龄嘉、王晓明《桥梁工程》（第2版）在线教材，按图源与版权台账登记,https://github.com/longyu8101/qlgc/blob/master/source/index.rst,,,外部参考候选：本次不公开原图；逐图授权或独立制图
assets/source-drafts/ch05/4-1-1.png,正文占位：在线教材图,4-1-1,刘龄嘉、王晓明《桥梁工程》（第2版）在线教材，按图源与版权台账登记,https://github.com/longyu8101/qlgc/blob/master/source/index.rst,,,外部参考候选：本次不公开原图；逐图授权或独立制图
assets/source-drafts/ch05/4-1-2.png,正文占位：在线教材图,4-1-2,刘龄嘉、王晓明《桥梁工程》（第2版）在线教材，按图源与版权台账登记,https://github.com/longyu8101/qlgc/blob/master/source/index.rst,,,外部参考候选：本次不公开原图；逐图授权或独立制图
assets/source-drafts/ch05/4-1-3.png,正文占位：在线教材图,4-1-3,刘龄嘉、王晓明《桥梁工程》（第2版）在线教材，按图源与版权台账登记,https://github.com/longyu8101/qlgc/blob/master/source/index.rst,,,外部参考候选：本次不公开原图；逐图授权或独立制图
assets/source-drafts/ch05/4-1-4.png,正文占位：在线教材图,4-1-4,刘龄嘉、王晓明《桥梁工程》（第2版）在线教材，按图源与版权台账登记,https://github.com/longyu8101/qlgc/blob/master/source/index.rst,,,外部参考候选：本次不公开原图；逐图授权或独立制图
assets/source-drafts/ch06/5-1-1.png,正文占位：在线教材图,5-1-1,刘龄嘉、王晓明《桥梁工程》（第2版）在线教材，按图源与版权台账登记,https://github.com/longyu8101/qlgc/blob/master/source/index.rst,,,外部参考候选：本次不公开原图；逐图授权或独立制图
assets/source-drafts/ch06/5-1-2.png,正文占位：在线教材图,5-1-2,刘龄嘉、王晓明《桥梁工程》（第2版）在线教材，按图源与版权台账登记,https://github.com/longyu8101/qlgc/blob/master/source/index.rst,,,外部参考候选：本次不公开原图；逐图授权或独立制图
assets/source-drafts/ch06/5-2-1.png,正文占位：在线教材图,5-2-1,刘龄嘉、王晓明《桥梁工程》（第2版）在线教材，按图源与版权台账登记,https://github.com/longyu8101/qlgc/blob/master/source/index.rst,,,外部参考候选：本次不公开原图；逐图授权或独立制图
assets/source-drafts/ch07/6-1-10.png,正文占位：在线教材图,6-1-10,刘龄嘉、王晓明《桥梁工程》（第2版）在线教材，按图源与版权台账登记,https://github.com/longyu8101/qlgc/blob/master/source/index.rst,,,外部参考候选：本次不公开原图；逐图授权或独立制图
assets/source-drafts/ch07/6-1-2.png,正文占位：在线教材图,6-1-2,刘龄嘉、王晓明《桥梁工程》（第2版）在线教材，按图源与版权台账登记,https://github.com/longyu8101/qlgc/blob/master/source/index.rst,,,外部参考候选：本次不公开原图；逐图授权或独立制图
assets/source-drafts/ch07/6-1-3.png,正文占位：在线教材图,6-1-3,刘龄嘉、王晓明《桥梁工程》（第2版）在线教材，按图源与版权台账登记,https://github.com/longyu8101/qlgc/blob/master/source/index.rst,,,外部参考候选：本次不公开原图；逐图授权或独立制图
assets/source-drafts/ch07/6-2-1.png,正文占位：在线教材图,6-2-1,刘龄嘉、王晓明《桥梁工程》（第2版）在线教材，按图源与版权台账登记,https://github.com/longyu8101/qlgc/blob/master/source/index.rst,,,外部参考候选：本次不公开原图；逐图授权或独立制图
assets/source-drafts/ch07/6-3-1.png,正文占位：在线教材图,6-3-1,刘龄嘉、王晓明《桥梁工程》（第2版）在线教材，按图源与版权台账登记,https://github.com/longyu8101/qlgc/blob/master/source/index.rst,,,外部参考候选：本次不公开原图；逐图授权或独立制图
assets/source-drafts/ch09/tacoma-torsional-instability.png,正文占位：官方资料图待核,tacoma-torsional-instability,官方资料占位图；须结合图注回查，不能由政府机构名称推定开放许可,,,,外部参考候选：本次不公开原图；逐图授权或独立制图
